Name,Rate (MVA),Frequency (Hz),HV (kV),LV (kV),Copper losses (kW),No load losses (kW),No load current (%),V short circuit (%),HV vector group,LV vector group,Phase shift (*30ยบ)
2.5 MVA 10/0.4 kV Yyn6 wnr ASEA,2.5,50,10,0.4,19,3.3,0.13201,6,Y,YN,6
2.5 MVA 10/0.4 kV Yyn6 ASEA,2.5,50,10,0.4,19,4.3,0.17201,6,Y,YN,6
2.5 MVA 10/0.4 kV Yyn0 wnr ASEA,2.5,50,10,0.4,19,3.3,0.13201,6,Y,YN,0
2.5 MVA 10/0.4 kV Yyn0 ASEA,2.5,50,10,0.4,19,4.3,0.17201,6,Y,YN,0
2.5 MVA 10/0.4 kV Trafo Union wnr,2.5,50,10,0.4,18,3.2,0.128,8,D,YN,5
2.5 MVA 10/0.4 kV Trafo Union,2.5,50,10,0.4,17.5,3.75,0.15,8,D,YN,5
2.5 MVA 10/0.4 kV Dyn7 wnr ASEA,2.5,50,10,0.4,19,3.3,0.13201,6,D,YN,7
2.5 MVA 10/0.4 kV Dyn7 ASEA,2.5,50,10,0.4,19,4.3,0.17201,6,D,YN,7
2.5 MVA 10/0.4 kV Dyn5 wnr ASEA,2.5,50,10,0.4,19,3.3,0.13201,6,D,YN,5
2.5 MVA 10/0.4 kV Dyn5 ASEA,2.5,50,10,0.4,19,4.3,0.17201,6,D,YN,5
2.5 MVA 10/0.4 kV Dyn11 wnr ASEA,2.5,50,10,0.4,19,3.3,0.13201,6,D,YN,11
2.5 MVA 10/0.4 kV Dyn11 ASEA,2.5,50,10,0.4,19,4.3,0.17201,6,D,YN,11
2.5 MVA 10/0.4 kV Dyn1 wnr ASEA,2.5,50,10,0.4,19,3.3,0.13201,6,D,YN,1
2.5 MVA 10/0.4 kV Dyn1 ASEA,2.5,50,10,0.4,19,4.3,0.17201,6,D,YN,1
2.5 MVA 10/0.4 kV DTTHL SGB,2.5,50,10,0.4,18,3.15,0.12601,6,D,YN,5
2.5 MVA 10/0.4 kV DTTHIL  SGB,2.5,50,10,0.4,13.9,3.35,0.13401,6,D,YN,5
2.5 MVA 10/0.4 kV DTTH  SGB,2.5,50,10,0.4,18.5,4.2,0.16801,6,D,YN,5
2.5 MVA 10/0.4 kV DOTEL 2500/10  SGB,2.5,50,10,0.4,25,2.5,0.10001,6,Y,ZN,5
2.5 MVA 10/0.4 kV DOTE 2500/10  SGB,2.5,50,10,0.4,25,3.5,0.14001,6,Y,ZN,5
2.5 MVA 10/0.4 kV 4.8 GEAFOL,2.5,50,10,0.4,15.5,4.8,0.192,6,D,YN,5
2.5 MVA 10/0.4 kV 3.3 GEAFOL,2.5,50,10,0.4,19,3.3,0.132,6,D,YN,5
2 MVA 10/0.4 kV Yyn6 wnr ASEA,2,50,10,0.4,15.5,2.75,0.13751,6,Y,YN,6
2 MVA 10/0.4 kV Yyn6 ASEA,2,50,10,0.4,15.5,3.5,0.17501,6,Y,YN,6
2 MVA 10/0.4 kV Yyn0 wnr ASEA,2,50,10,0.4,15.5,2.75,0.13751,6,Y,YN,0
2 MVA 10/0.4 kV Yyn0 ASEA,2,50,10,0.4,15.5,3.5,0.17501,6,Y,YN,0
2 MVA 10/0.4 kV Trafo Union wnr,2,50,10,0.4,15.5,2.95,0.1475,8,D,YN,5
2 MVA 10/0.4 kV Trafo Union,2,50,10,0.4,15,3.45,0.1725,8,D,YN,5
2 MVA 10/0.4 kV Dyn7 wnr ASEA,2,50,10,0.4,15.5,2.75,0.13751,6,D,YN,7
2 MVA 10/0.4 kV Dyn7 ASEA,2,50,10,0.4,15.5,3.5,0.17501,6,D,YN,7
2 MVA 10/0.4 kV Dyn5 wnr ASEA,2,50,10,0.4,15.5,2.75,0.13751,6,D,YN,5
2 MVA 10/0.4 kV Dyn5 ASEA,2,50,10,0.4,15.5,3.5,0.17501,6,D,YN,5
2 MVA 10/0.4 kV Dyn11 wnr ASEA,2,50,10,0.4,15.5,2.75,0.13751,6,D,YN,11
2 MVA 10/0.4 kV Dyn11 ASEA,2,50,10,0.4,15.5,3.5,0.17501,6,D,YN,11
2 MVA 10/0.4 kV Dyn1 wnr ASEA,2,50,10,0.4,15.5,2.75,0.13751,6,D,YN,1
2 MVA 10/0.4 kV Dyn1 ASEA,2,50,10,0.4,15.5,3.5,0.17501,6,D,YN,1
2 MVA 10/0.4 kV DTTHL SGB,2,50,10,0.4,15.3,2.7,0.13501,6,D,YN,5
2 MVA 10/0.4 kV DTTHIL  SGB,2,50,10,0.4,12,2.85,0.14251,6,D,YN,5
2 MVA 10/0.4 kV DTTH  SGB,2,50,10,0.4,16.7,3.5,0.17501,6,D,YN,5
2 MVA 10/0.4 kV DOTEL 2000/10  SGB,2,50,10,0.4,21.5,2.1,0.10501,6,Y,ZN,5
2 MVA 10/0.4 kV DOTE 2000/10  SGB,2,50,10,0.4,21.5,2.9,0.14501,6,Y,ZN,5
2 MVA 10/0.4 kV 3.9 GEAFOL,2,50,10,0.4,12.7,3.9,0.195,6,D,YN,5
2 MVA 10/0.4 kV 2.8 GEAFOL,2,50,10,0.4,13,2.8,0.14,6,D,YN,5
1.6 MVA 10/0.4 kV Yyn6 wnr ASEA,1.6,50,10,0.4,12.7,2.2,0.13751,6,Y,YN,6
1.6 MVA 10/0.4 kV Yyn6 ASEA,1.6,50,10,0.4,12.7,2.8,0.17501,6,Y,YN,6
1.6 MVA 10/0.4 kV Yyn0 wnr ASEA,1.6,50,10,0.4,12.7,2.2,0.13751,6,Y,YN,0
1.6 MVA 10/0.4 kV Yyn0 ASEA,1.6,50,10,0.4,12.7,2.8,0.17501,6,Y,YN,0
1.6 MVA 10/0.4 kV Trafo Union wnr,1.6,50,10,0.4,13,2.2,0.1375,6,D,YN,5
1.6 MVA 10/0.4 kV Trafo Union,1.6,50,10,0.4,12.5,2.7,0.16875,6,D,YN,5
1.6 MVA 10/0.4 kV Dyn7 wnr ASEA,1.6,50,10,0.4,12.7,2.2,0.13751,6,D,YN,7
1.6 MVA 10/0.4 kV Dyn7 ASEA,1.6,50,10,0.4,12.7,2.8,0.17501,6,D,YN,7
1.6 MVA 10/0.4 kV Dyn5 wnr ASEA,1.6,50,10,0.4,12.7,2.2,0.13751,6,D,YN,5
1.6 MVA 10/0.4 kV Dyn5 ASEA,1.6,50,10,0.4,12.7,2.8,0.17501,6,D,YN,5
1.6 MVA 10/0.4 kV Dyn11 wnr ASEA,1.6,50,10,0.4,12.7,2.2,0.13751,6,D,YN,11
1.6 MVA 10/0.4 kV Dyn11 ASEA,1.6,50,10,0.4,12.7,2.8,0.17501,6,D,YN,11
1.6 MVA 10/0.4 kV Dyn1 wnr ASEA,1.6,50,10,0.4,12.7,2.2,0.13751,6,D,YN,1
1.6 MVA 10/0.4 kV Dyn1 ASEA,1.6,50,10,0.4,12.7,2.8,0.17501,6,D,YN,1
1.6 MVA 10/0.4 kV DTTHL SGB,1.6,50,10,0.4,11.8,2.07,0.129385,6,D,YN,5
1.6 MVA 10/0.4 kV DTTHIL  SGB,1.6,50,10,0.4,8.8,2.3,0.14376,6,D,YN,5
1.6 MVA 10/0.4 kV DTTH  SGB,1.6,50,10,0.4,12.5,2.65,0.165635,6,D,YN,5
1.6 MVA 10/0.4 kV DTKa SGB,1.6,50,10,0.4,13,2.8,0.17501,6,Y,ZN,5
1.6 MVA 10/0.4 kV DT 1600/10 F SGB,1.6,50,10,0.4,12.5,2.8,0.17501,6,Y,ZN,5
1.6 MVA 10/0.4 kV DOTEL 1600/10  SGB,1.6,50,10,0.4,17,1.6,0.10001,6,Y,ZN,5
1.6 MVA 10/0.4 kV DOTE 1600/10  SGB,1.6,50,10,0.4,17,2.2,0.13751,6,Y,ZN,5
1.6 MVA 10/0.4 kV 2.8 GEAFOL,1.6,50,10,0.4,10.5,2.8,0.175,6,D,YN,5
1.6 MVA 10/0.4 kV 2.18 GEAFOL,1.6,50,10,0.4,10.9,2.18,0.13625,6,D,YN,5
1.25 MVA 10/0.4 kV Yyn6 wnr ASEA,1.25,50,10,0.4,10.5,1.88,0.15041,6,Y,YN,6
1.25 MVA 10/0.4 kV Yyn6 ASEA,1.25,50,10,0.4,10.5,2.4,0.19201,6,Y,YN,6
1.25 MVA 10/0.4 kV Yyn0 wnr ASEA,1.25,50,10,0.4,10.5,1.88,0.15041,6,Y,YN,0
1.25 MVA 10/0.4 kV Yyn0 ASEA,1.25,50,10,0.4,10.5,2.4,0.19201,6,Y,YN,0
1.25 MVA 10/0.4 kV Trafo Union wnr,1.25,50,10,0.4,10.7,1.95,0.156,6,D,YN,5
1.25 MVA 10/0.4 kV Trafo Union,1.25,50,10,0.4,10.2,2.4,0.192,6,D,YN,5
1.25 MVA 10/0.4 kV Dyn7 wnr ASEA,1.25,50,10,0.4,10.5,1.88,0.15041,6,D,YN,7
1.25 MVA 10/0.4 kV Dyn7 ASEA,1.25,50,10,0.4,10.5,2.4,0.19201,6,D,YN,7
1.25 MVA 10/0.4 kV Dyn5 wnr ASEA,1.25,50,10,0.4,10.5,1.88,0.15041,6,D,YN,5
1.25 MVA 10/0.4 kV Dyn5 ASEA,1.25,50,10,0.4,10.5,2.4,0.19201,6,D,YN,5
1.25 MVA 10/0.4 kV Dyn11 wnr ASEA,1.25,50,10,0.4,10.5,1.88,0.15041,6,D,YN,11
1.25 MVA 10/0.4 kV Dyn11 ASEA,1.25,50,10,0.4,10.5,2.4,0.19201,6,D,YN,11
1.25 MVA 10/0.4 kV Dyn1 wnr ASEA,1.25,50,10,0.4,10.5,1.88,0.15041,6,D,YN,1
1.25 MVA 10/0.4 kV Dyn1 ASEA,1.25,50,10,0.4,10.5,2.4,0.19201,6,D,YN,1
1.25 MVA 10/0.4 kV DTTHL SGB,1.25,50,10,0.4,10.5,1.75,0.14001,6,D,YN,5
1.25 MVA 10/0.4 kV DTTHIL  SGB,1.25,50,10,0.4,7.5,1.9,0.15201,6,D,YN,5
1.25 MVA 10/0.4 kV DTTH  SGB,1.25,50,10,0.4,10.9,2.25,0.18001,6,D,YN,5
1.25 MVA 10/0.4 kV DT 1250/10 F SGB,1.25,50,10,0.4,11,2.3,0.18401,6,Y,ZN,5
1.25 MVA 10/0.4 kV DOTEL 1250/10  SGB,1.25,50,10,0.4,13.5,1.35,0.10801,6,Y,ZN,5
1.25 MVA 10/0.4 kV DOTE 1250/10  SGB,1.25,50,10,0.4,13.5,2,0.16001,6,Y,ZN,5
1.25 MVA 10/0.4 kV 2.4 GEAFOL/FC,1.25,50,10,0.4,9.5,2.4,0.192,6,D,YN,5
1.25 MVA 10/0.4 kV 2.4 GEAFOL,1.25,50,10,0.4,8.8,2.4,0.192,6,D,YN,5
1.25 MVA 10/0.4 kV 1.87 GEAFOL,1.25,50,10,0.4,9.1,1.87,0.1496,6,D,YN,5
1 MVA 10/0.4 kV Yyn6 wnr ASEA,1,50,10,0.4,8.8,1.56,0.15601,6,Y,YN,6
1 MVA 10/0.4 kV Yyn6 ASEA,1,50,10,0.4,8.8,2,0.20001,6,Y,YN,6
1 MVA 10/0.4 kV Yyn0 wnr ASEA,1,50,10,0.4,8.8,1.56,0.15601,6,Y,YN,0
1 MVA 10/0.4 kV Yyn0 ASEA,1,50,10,0.4,8.8,2,0.20001,6,Y,YN,0
1 MVA 10/0.4 kV Trafo Union wnr,1,50,10,0.4,8.7,1.5,0.15,6,D,YN,5
1 MVA 10/0.4 kV Trafo Union,1,50,10,0.4,8.3,1.9,0.19,6,D,YN,5
1 MVA 10/0.4 kV Dyn7 wnr ASEA,1,50,10,0.4,8.8,1.56,0.15601,6,D,YN,7
1 MVA 10/0.4 kV Dyn7 ASEA,1,50,10,0.4,8.8,2,0.20001,6,D,YN,7
1 MVA 10/0.4 kV Dyn5 wnr ASEA,1,50,10,0.4,8.8,1.56,0.15601,6,D,YN,5
1 MVA 10/0.4 kV Dyn5 ASEA,1,50,10,0.4,8.8,2,0.20001,6,D,YN,5
1 MVA 10/0.4 kV Dyn11 wnr ASEA,1,50,10,0.4,8.8,1.56,0.15601,6,D,YN,11
1 MVA 10/0.4 kV Dyn11 ASEA,1,50,10,0.4,8.8,2,0.20001,6,D,YN,11
1 MVA 10/0.4 kV Dyn1 wnr ASEA,1,50,10,0.4,8.8,1.56,0.15601,6,D,YN,1
1 MVA 10/0.4 kV Dyn1 ASEA,1,50,10,0.4,8.8,2,0.20001,6,D,YN,1
1 MVA 10/0.4 kV DTTHL SGB,1,50,10,0.4,8.2,1.43,0.14301,6,D,YN,5
1 MVA 10/0.4 kV DTTHIL  SGB,1,50,10,0.4,6.1,1.6,0.16001,6,D,YN,5
1 MVA 10/0.4 kV DTTH  SGB,1,50,10,0.4,8.8,2.05,0.20501,6,D,YN,5
1 MVA 10/0.4 kV DTKa SGB,1,50,10,0.4,8.7,2.1,0.21001,6,Y,ZN,5
1 MVA 10/0.4 kV DT 1000/10 F SGB,1,50,10,0.4,9.5,2,0.20001,6,Y,ZN,5
1 MVA 10/0.4 kV DT 1000   SGB,1,50,10,0.4,8.2,1.7,0.17001,5.5,Y,ZN,5
1 MVA 10/0.4 kV DOTEL 1000/10  SGB,1,50,10,0.4,10.5,1.1,0.11001,6,Y,ZN,5
1 MVA 10/0.4 kV DOTE 1000/10  SGB,1,50,10,0.4,10.5,1.7,0.17001,6,Y,ZN,5
1 MVA 10/0.4 kV 2.1 GEAFOL,1,50,10,0.4,7.5,2.1,0.21,4,D,YN,5
1 MVA 10/0.4 kV 2 GEAFOL/FC,1,50,10,0.4,8,2,0.2,6,D,YN,5
1 MVA 10/0.4 kV 2 GEAFOL,1,50,10,0.4,7.9,2,0.2,6,D,YN,5
1 MVA 10/0.4 kV 1.6 GEAFOL,1,50,10,0.4,9.2,1.6,0.16,4,D,YN,5
1 MVA 10/0.4 kV 1.56 GEAFOL,1,50,10,0.4,8.2,1.56,0.156,6,D,YN,5
0.8 MVA 10/0.4 kV Yyn6 wnr ASEA,0.8,50,10,0.4,7.7,1.33,0.16626,6,Y,YN,6
0.8 MVA 10/0.4 kV Yyn6 ASEA,0.8,50,10,0.4,7.7,1.7,0.21251,6,Y,YN,6
0.8 MVA 10/0.4 kV Yyn0 wnr ASEA,0.8,50,10,0.4,7.7,1.33,0.16626,6,Y,YN,0
0.8 MVA 10/0.4 kV Yyn0 ASEA,0.8,50,10,0.4,7.7,1.7,0.21251,6,Y,YN,0
0.8 MVA 10/0.4 kV Trafo Union wnr,0.8,50,10,0.4,7,1.35,0.16875,6,D,YN,5
0.8 MVA 10/0.4 kV Trafo Union,0.8,50,10,0.4,6.9,1.7,0.2125,6,D,YN,5
0.8 MVA 10/0.4 kV Dyn7 wnr ASEA,0.8,50,10,0.4,7.7,1.33,0.16626,6,D,YN,7
0.8 MVA 10/0.4 kV Dyn7 ASEA,0.8,50,10,0.4,7.7,1.7,0.21251,6,D,YN,7
0.8 MVA 10/0.4 kV Dyn5 wnr ASEA,0.8,50,10,0.4,7.7,1.33,0.16626,6,D,YN,5
0.8 MVA 10/0.4 kV Dyn5 ASEA,0.8,50,10,0.4,7.7,1.7,0.21251,6,D,YN,5
0.8 MVA 10/0.4 kV Dyn11 wnr ASEA,0.8,50,10,0.4,7.7,1.33,0.16626,6,D,YN,11
0.8 MVA 10/0.4 kV Dyn11 ASEA,0.8,50,10,0.4,7.7,1.7,0.21251,6,D,YN,11
0.8 MVA 10/0.4 kV Dyn1 wnr ASEA,0.8,50,10,0.4,7.7,1.33,0.16626,6,D,YN,1
0.8 MVA 10/0.4 kV Dyn1 ASEA,0.8,50,10,0.4,7.7,1.7,0.21251,6,D,YN,1
0.8 MVA 10/0.4 kV DTTHL SGB,0.8,50,10,0.4,7,1.3,0.16251,6,D,YN,5
0.8 MVA 10/0.4 kV DTTHIL SGB,0.8,50,10,0.4,5,1.45,0.18126,6,D,YN,5
0.8 MVA 10/0.4 kV DTTH  SGB,0.8,50,10,0.4,7.5,1.65,0.20626,6,D,YN,5
0.8 MVA 10/0.4 kV DT 800/10 F SGB,0.8,50,10,0.4,7.8,1.7,0.21251,6,Y,ZN,5
0.8 MVA 10/0.4 kV DOTEL 800/10  SGB,0.8,50,10,0.4,8.5,0.98,0.12251,6,Y,ZN,5
0.8 MVA 10/0.4 kV DOTE 800/10  SGB,0.8,50,10,0.4,8.5,1.5,0.18751,6,Y,ZN,5
0.8 MVA 10/0.4 kV 1.8 GEAFOL,0.8,50,10,0.4,6.6,1.8,0.225,4,D,YN,5
0.8 MVA 10/0.4 kV 1.7 GEAFOL/FC,0.8,50,10,0.4,6.8,1.7,0.2125,6,D,YN,5
0.8 MVA 10/0.4 kV 1.7 GEAFOL,0.8,50,10,0.4,6.6,1.7,0.2125,6,D,YN,5
0.8 MVA 10/0.4 kV 1.4 GEAFOL,0.8,50,10,0.4,7.7,1.4,0.175,4,D,YN,5
0.8 MVA 10/0.4 kV 1.33 GEAFOL,0.8,50,10,0.4,7.7,1.33,0.16625,6,D,YN,5
0.63 MVA 10/0.4 kV Yyn6 6 wnr ASEA,0.63,50,10,0.4,6.6,1.1,0.174613,6,Y,YN,6
0.63 MVA 10/0.4 kV Yyn6 6 ASEA,0.63,50,10,0.4,6.6,1.4,0.222232,6,Y,YN,6
0.63 MVA 10/0.4 kV Yyn6 4 wnr ASEA,0.63,50,10,0.4,6.4,1.15,0.18255,4,Y,YN,6
0.63 MVA 10/0.4 kV Yyn6 4 ASEA,0.63,50,10,0.4,6.4,1.5,0.238105,4,Y,YN,6
0.63 MVA 10/0.4 kV Yyn0 6wnr ASEA,0.63,50,10,0.4,6.6,1.1,0.174613,6,Y,YN,0
0.63 MVA 10/0.4 kV Yyn0 6 ASEA,0.63,50,10,0.4,6.6,1.4,0.222232,6,Y,YN,0
0.63 MVA 10/0.4 kV Yyn0 4 wnr ASEA,0.63,50,10,0.4,6.4,1.15,0.18255,4,Y,YN,0
0.63 MVA 10/0.4 kV Yyn0 4 ASEA,0.63,50,10,0.4,6.4,1.5,0.238105,4,Y,YN,0
0.63 MVA 10/0.4 kV Trafo Union wnr,0.63,50,10,0.4,6.8,1.18,0.1873016,4,D,YN,5
0.63 MVA 10/0.4 kV Trafo Union,0.63,50,10,0.4,6.3,1.55,0.2460317,4,D,YN,5
0.63 MVA 10/0.4 kV Dyn7 6 wnr ASEA,0.63,50,10,0.4,6.6,1.1,0.174613,6,D,YN,7
0.63 MVA 10/0.4 kV Dyn7 6 ASEA,0.63,50,10,0.4,6.6,1.4,0.222232,6,D,YN,7
0.63 MVA 10/0.4 kV Dyn7 4 wnr ASEA,0.63,50,10,0.4,6.4,1.15,0.18255,4,D,YN,7
0.63 MVA 10/0.4 kV Dyn7 4 ASEA,0.63,50,10,0.4,6.4,1.5,0.238105,4,D,YN,7
0.63 MVA 10/0.4 kV Dyn5 6 wnr ASEA,0.63,50,10,0.4,6.6,1.1,0.174613,6,D,YN,5
0.63 MVA 10/0.4 kV Dyn5 6 ASEA,0.63,50,10,0.4,6.6,1.4,0.222232,6,D,YN,5
0.63 MVA 10/0.4 kV Dyn5 4 wnr ASEA,0.63,50,10,0.4,6.4,1.15,0.18255,4,D,YN,5
0.63 MVA 10/0.4 kV Dyn5 4 ASEA,0.63,50,10,0.4,6.4,1.5,0.238105,4,D,YN,5
0.63 MVA 10/0.4 kV Dyn11 6 wnr ASEA,0.63,50,10,0.4,6.6,1.1,0.174613,6,D,YN,11
0.63 MVA 10/0.4 kV Dyn11 6 ASEA,0.63,50,10,0.4,6.6,1.4,0.222232,6,D,YN,11
0.63 MVA 10/0.4 kV Dyn11 4wnr ASEA,0.63,50,10,0.4,6.4,1.15,0.18255,4,D,YN,11
0.63 MVA 10/0.4 kV Dyn11 4 ASEA,0.63,50,10,0.4,6.4,1.5,0.238105,4,D,YN,11
0.63 MVA 10/0.4 kV Dyn1 6 wnr ASEA,0.63,50,10,0.4,6.6,1.1,0.174613,6,D,YN,1
0.63 MVA 10/0.4 kV Dyn1 6 ASEA,0.63,50,10,0.4,6.6,1.4,0.222232,6,D,YN,1
0.63 MVA 10/0.4 kV Dyn1 4 wnr ASEA,0.63,50,10,0.4,6.4,1.15,0.18255,4,D,YN,1
0.63 MVA 10/0.4 kV Dyn1 4 ASEA,0.63,50,10,0.4,6.4,1.5,0.238105,4,D,YN,1
0.63 MVA 10/0.4 kV DTTHYL SGB,0.63,50,10,0.4,6,0.95,0.150804,6,D,YN,5
0.63 MVA 10/0.4 kV DTTHL SGB,0.63,50,10,0.4,6.4,1.12,0.177788,4,D,YN,5
0.63 MVA 10/0.4 kV DTTH  SGB,0.63,50,10,0.4,6.4,1.4,0.222232,4,D,YN,5
0.63 MVA 10/0.4 kV DTKa SGB,0.63,50,10,0.4,6.5,1.65,0.261915,6,Y,ZN,5
0.63 MVA 10/0.4 kV DT 630/10 F SGB,0.63,50,10,0.4,6.5,1.45,0.230169,6,Y,ZN,5
0.63 MVA 10/0.4 kV DT 630   SGB,0.63,50,10,0.4,6.6,1.6,0.253978,4,Y,ZN,5
0.63 MVA 10/0.4 kV DOTNL 630/10  SGB,0.63,50,10,0.4,8.4,0.88,0.139693,4,Y,ZN,5
0.63 MVA 10/0.4 kV DOTN 630/10  SGB,0.63,50,10,0.4,8.4,1.15,0.18255,4,Y,ZN,5
0.63 MVA 10/0.4 kV DOTEL 630/10  SGB,0.63,50,10,0.4,6.5,0.85,0.134931,4,Y,ZN,5
0.63 MVA 10/0.4 kV DOTE 630/10  SGB,0.63,50,10,0.4,6.5,1.3,0.206359,4,Y,ZN,5
0.63 MVA 10/0.4 kV 1.5 GEAFOL,0.63,50,10,0.4,5.8,1.5,0.2380952,4,D,YN,5
0.63 MVA 10/0.4 kV 1.4 GEAFOL/FC,0.63,50,10,0.4,6.1,1.4,0.2222222,6,D,YN,5
0.63 MVA 10/0.4 kV 1.4 GEAFOL,0.63,50,10,0.4,5.6,1.4,0.2222222,6,D,YN,5
0.63 MVA 10/0.4 kV 1.17 GEAFOL,0.63,50,10,0.4,6.4,1.17,0.1857143,4,D,YN,5
0.63 MVA 10/0.4 kV 1.09 GEAFOL,0.63,50,10,0.4,6.4,1.09,0.1730159,6,D,YN,5
0.5 MVA 10/0.4 kV Yyn6 6 wnr ASEA,0.5,50,10,0.4,5.7,0.94,0.18801,6,Y,YN,6
0.5 MVA 10/0.4 kV Yyn6 6 ASEA,0.5,50,10,0.4,5.7,1.2,0.24001,6,Y,YN,6
0.5 MVA 10/0.4 kV Yyn6 4 wnr ASEA,0.5,50,10,0.4,5.5,1,0.20001,4,Y,YN,6
0.5 MVA 10/0.4 kV Yyn6 4 ASEA,0.5,50,10,0.4,5.5,1.3,0.26001,4,Y,YN,6
0.5 MVA 10/0.4 kV Yyn0 6 wnr ASEA,0.5,50,10,0.4,5.7,0.94,0.18801,6,Y,YN,0
0.5 MVA 10/0.4 kV Yyn0 6 ASEA,0.5,50,10,0.4,5.7,1.2,0.24001,6,Y,YN,0
0.5 MVA 10/0.4 kV Yyn0 4 wnr ASEA,0.5,50,10,0.4,5.5,1,0.20001,4,Y,YN,0
0.5 MVA 10/0.4 kV Yyn0 4 ASEA,0.5,50,10,0.4,5.5,1.3,0.26001,4,Y,YN,0
0.5 MVA 10/0.4 kV Trafo Union wnr,0.5,50,10,0.4,5.5,1.07,0.214,4,D,YN,5
0.5 MVA 10/0.4 kV Trafo Union,0.5,50,10,0.4,5.2,1.38,0.276,4,D,YN,5
0.5 MVA 10/0.4 kV Dyn7 6 wnr ASEA,0.5,50,10,0.4,5.7,0.94,0.18801,6,D,YN,7
0.5 MVA 10/0.4 kV Dyn7 6 ASEA,0.5,50,10,0.4,5.7,1.2,0.24001,6,D,YN,7
0.5 MVA 10/0.4 kV Dyn7 4 wnr ASEA,0.5,50,10,0.4,5.5,1,0.20001,4,D,YN,7
0.5 MVA 10/0.4 kV Dyn7 4 ASEA,0.5,50,10,0.4,5.5,1.3,0.26001,4,D,YN,7
0.5 MVA 10/0.4 kV Dyn5 6 wnr ASEA,0.5,50,10,0.4,5.7,0.94,0.18801,6,D,YN,5
0.5 MVA 10/0.4 kV Dyn5 6 ASEA,0.5,50,10,0.4,5.7,1.2,0.24001,6,D,YN,5
0.5 MVA 10/0.4 kV Dyn5 4 wnr ASEA,0.5,50,10,0.4,5.5,1,0.20001,4,D,YN,5
0.5 MVA 10/0.4 kV Dyn5 4 ASEA,0.5,50,10,0.4,5.5,1.3,0.26001,4,D,YN,5
0.5 MVA 10/0.4 kV Dyn11 6 wnr ASEA,0.5,50,10,0.4,5.7,0.94,0.18801,6,D,YN,11
0.5 MVA 10/0.4 kV Dyn11 6 ASEA,0.5,50,10,0.4,5.7,1.2,0.24001,6,D,YN,11
0.5 MVA 10/0.4 kV Dyn11 4 wnr ASEA,0.5,50,10,0.4,5.5,1,0.20001,4,D,YN,11
0.5 MVA 10/0.4 kV Dyn11 4 ASEA,0.5,50,10,0.4,5.5,1.3,0.26001,4,D,YN,11
0.5 MVA 10/0.4 kV Dyn1 6 wnr ASEA,0.5,50,10,0.4,5.7,0.94,0.18801,6,D,YN,1
0.5 MVA 10/0.4 kV Dyn1 6 ASEA,0.5,50,10,0.4,5.7,1.2,0.24001,6,D,YN,1
0.5 MVA 10/0.4 kV Dyn1 4 wnr ASEA,0.5,50,10,0.4,5.5,1,0.20001,4,D,YN,1
0.5 MVA 10/0.4 kV Dyn1 4 ASEA,0.5,50,10,0.4,5.5,1.3,0.26001,4,D,YN,1
0.5 MVA 10/0.4 kV DTTHYL SGB,0.5,50,10,0.4,5.3,0.82,0.16401,6,D,YN,5
0.5 MVA 10/0.4 kV DTTHL SGB,0.5,50,10,0.4,5.1,0.95,0.19001,4,D,YN,5
0.5 MVA 10/0.4 kV DTTH  SGB,0.5,50,10,0.4,5.1,1.2,0.24001,4,D,YN,5
0.5 MVA 10/0.4 kV DT 500/10 F SGB,0.5,50,10,0.4,5.5,1.3,0.26001,6,Y,ZN,5
0.5 MVA 10/0.4 kV DT 500   SGB,0.5,50,10,0.4,5.4,1.4,0.28001,4,Y,ZN,5
0.5 MVA 10/0.4 kV DOTNL 500/10  SGB,0.5,50,10,0.4,7.15,0.75,0.15001,4,Y,ZN,5
0.5 MVA 10/0.4 kV DOTN 500/10  SGB,0.5,50,10,0.4,7.15,0.98,0.19601,4,Y,ZN,5
0.5 MVA 10/0.4 kV DOTEL 500/10  SGB,0.5,50,10,0.4,5.5,0.72,0.14401,4,Y,ZN,5
0.5 MVA 10/0.4 kV DOTE 500/10  SGB,0.5,50,10,0.4,5.5,1.1,0.22001,4,Y,ZN,5
0.5 MVA 10/0.4 kV 1.3 GEAFOL,0.5,50,10,0.4,4.2,1.3,0.26,4,D,YN,5
0.5 MVA 10/0.4 kV 1.2 GEAFOL/FC,0.5,50,10,0.4,5.2,1.2,0.24,6,D,YN,5
0.5 MVA 10/0.4 kV 1.2 GEAFOL,0.5,50,10,0.4,5,1.2,0.24,6,D,YN,5
0.5 MVA 10/0.4 kV 1.01 GEAFOL,0.5,50,10,0.4,4.8,1.01,0.202,4,D,YN,5
0.5 MVA 10/0.4 kV 0.94 GEAFOL,0.5,50,10,0.4,4.7,0.94,0.188,6,D,YN,5
0.4 MVA 10/0.4 kV Yyn6 6 wnr ASEA,0.4,50,10,0.4,5,0.78,0.19501,6,Y,YN,6
0.4 MVA 10/0.4 kV Yyn6 6 ASEA,0.4,50,10,0.4,5,1,0.25001,6,Y,YN,6
0.4 MVA 10/0.4 kV Yyn6 4 wnr ASEA,0.4,50,10,0.4,4.3,0.88,0.22001,4,Y,YN,6
0.4 MVA 10/0.4 kV Yyn6 4 ASEA,0.4,50,10,0.4,4.3,1.15,0.28751,4,Y,YN,6
0.4 MVA 10/0.4 kV Yyn0 6 wnr ASEA,0.4,50,10,0.4,5,0.78,0.19501,6,Y,YN,0
0.4 MVA 10/0.4 kV Yyn0 6 ASEA,0.4,50,10,0.4,5,1,0.25001,6,Y,YN,0
0.4 MVA 10/0.4 kV Yyn0 4 wnr ASEA,0.4,50,10,0.4,4.3,0.88,0.22001,4,Y,YN,0
0.4 MVA 10/0.4 kV Yyn0 4 ASEA,0.4,50,10,0.4,4.3,1.15,0.28751,4,Y,YN,0
0.4 MVA 10/0.4 kV Trafo Union wnr,0.4,50,10,0.4,5.3,0.95,0.2375,4,D,YN,5
0.4 MVA 10/0.4 kV Trafo Union,0.4,50,10,0.4,5,1.22,0.305,4,D,YN,5
0.4 MVA 10/0.4 kV Dyn7 6 wnr ASEA,0.4,50,10,0.4,5,0.78,0.19501,6,D,YN,7
0.4 MVA 10/0.4 kV Dyn7 6 ASEA,0.4,50,10,0.4,5,1,0.25001,6,D,YN,7
0.4 MVA 10/0.4 kV Dyn7 4 wnr ASEA,0.4,50,10,0.4,4.3,0.88,0.22001,4,D,YN,7
0.4 MVA 10/0.4 kV Dyn7 4 ASEA,0.4,50,10,0.4,4.3,1.15,0.28751,4,D,YN,7
0.4 MVA 10/0.4 kV Dyn5 6 wnr ASEA,0.4,50,10,0.4,5,0.78,0.19501,6,D,YN,5
0.4 MVA 10/0.4 kV Dyn5 6 ASEA,0.4,50,10,0.4,5,1,0.25001,6,D,YN,5
0.4 MVA 10/0.4 kV Dyn5 4 wnr ASEA,0.4,50,10,0.4,4.3,0.88,0.22001,4,D,YN,5
0.4 MVA 10/0.4 kV Dyn5 4 ASEA,0.4,50,10,0.4,4.3,1.15,0.28751,4,D,YN,5
0.4 MVA 10/0.4 kV Dyn11 6wnr ASEA,0.4,50,10,0.4,5,0.78,0.19501,6,D,YN,11
0.4 MVA 10/0.4 kV Dyn11 6 ASEA,0.4,50,10,0.4,5,1,0.25001,6,D,YN,11
0.4 MVA 10/0.4 kV Dyn11 4 wnr ASEA,0.4,50,10,0.4,4.3,0.88,0.22001,4,D,YN,11
0.4 MVA 10/0.4 kV Dyn11 4 ASEA,0.4,50,10,0.4,4.3,1.15,0.28751,4,D,YN,11
0.4 MVA 10/0.4 kV Dyn1 6 wnr ASEA,0.4,50,10,0.4,5,0.78,0.19501,6,D,YN,1
0.4 MVA 10/0.4 kV Dyn1 6 ASEA,0.4,50,10,0.4,5,1,0.25001,6,D,YN,1
0.4 MVA 10/0.4 kV Dyn1 4 wnr ASEA,0.4,50,10,0.4,4.3,0.88,0.22001,4,D,YN,1
0.4 MVA 10/0.4 kV Dyn1 4 ASEA,0.4,50,10,0.4,4.3,1.15,0.28751,4,D,YN,1
0.4 MVA 10/0.4 kV DTTHYL SGB,0.4,50,10,0.4,4.3,0.67,0.16751,6,D,YN,5
0.4 MVA 10/0.4 kV DTTHL SGB,0.4,50,10,0.4,4.3,0.83,0.20751,4,D,YN,5
0.4 MVA 10/0.4 kV DTTH  SGB,0.4,50,10,0.4,4.3,1.05,0.26251,4,D,YN,5
0.4 MVA 10/0.4 kV DTKa SGB,0.4,50,10,0.4,4.5,1.2,0.30001,6,Y,ZN,5
0.4 MVA 10/0.4 kV DT 400/10 F   SGB,0.4,50,10,0.4,4.6,1.15,0.28751,6,Y,ZN,5
0.4 MVA 10/0.4 kV DT 400   SGB,0.4,50,10,0.4,4.6,1.25,0.31251,4,Y,ZN,5
0.4 MVA 10/0.4 kV DOTNL 400/10  SGB,0.4,50,10,0.4,6,0.625,0.15626,4,Y,ZN,5
0.4 MVA 10/0.4 kV DOTN 400/10  SGB,0.4,50,10,0.4,6,0.815,0.20376,4,Y,ZN,5
0.4 MVA 10/0.4 kV DOTEL 400/10  SGB,0.4,50,10,0.4,4.6,0.6,0.15001,4,Y,ZN,5
0.4 MVA 10/0.4 kV DOTE 400/10  SGB,0.4,50,10,0.4,4.6,0.93,0.23251,4,Y,ZN,5
0.4 MVA 10/0.4 kV 1.15 GEAFOL,0.4,50,10,0.4,3.7,1.15,0.2875,4,D,YN,5
0.4 MVA 10/0.4 kV 1 GEAFOL/FC,0.4,50,10,0.4,4.4,1,0.25,6,D,YN,5
0.4 MVA 10/0.4 kV 1 GEAFOL,0.4,50,10,0.4,3.9,1,0.25,6,D,YN,5
0.4 MVA 10/0.4 kV 0.9 GEAFOL,0.4,50,10,0.4,4.3,0.9,0.225,4,D,YN,5
0.4 MVA 10/0.4 kV 0.78 GEAFOL,0.4,50,10,0.4,4.1,0.78,0.195,6,D,YN,5
0.315 MVA 10/0.4 kV Yyn6 6 wnr ASEA,0.315,50,10,0.4,4.1,0.64,0.203185,6,Y,YN,6
0.315 MVA 10/0.4 kV Yyn6 6 ASEA,0.315,50,10,0.4,4.1,0.82,0.260327,6,Y,YN,6
0.315 MVA 10/0.4 kV Yyn6 4 wnr ASEA,0.315,50,10,0.4,3.65,0.73,0.231756,4,Y,YN,6
0.315 MVA 10/0.4 kV Yyn6 4 ASEA,0.315,50,10,0.4,3.65,0.95,0.301597,4,Y,YN,6
0.315 MVA 10/0.4 kV Yyn0 6 wnr ASEA,0.315,50,10,0.4,4.1,0.64,0.203185,6,Y,YN,0
0.315 MVA 10/0.4 kV Yyn0 6 ASEA,0.315,50,10,0.4,4.1,0.82,0.260327,6,Y,YN,0
0.315 MVA 10/0.4 kV Yyn0 4wnr ASEA,0.315,50,10,0.4,3.65,0.73,0.231756,4,Y,YN,0
0.315 MVA 10/0.4 kV Yyn0 4 ASEA,0.315,50,10,0.4,3.65,0.95,0.301597,4,Y,YN,0
0.315 MVA 10/0.4 kV Trafo Union wnr,0.315,50,10,0.4,4.2,0.87,0.2761905,4,D,YN,5
0.315 MVA 10/0.4 kV Trafo Union,0.315,50,10,0.4,4,1.12,0.3555556,4,D,YN,5
0.315 MVA 10/0.4 kV Dyn7 6wnr ASEA,0.315,50,10,0.4,4.1,0.64,0.203185,6,D,YN,7
0.315 MVA 10/0.4 kV Dyn7 6 ASEA,0.315,50,10,0.4,4.1,0.82,0.260327,6,D,YN,7
0.315 MVA 10/0.4 kV Dyn7 4wnr ASEA,0.315,50,10,0.4,3.65,0.73,0.231756,4,D,YN,7
0.315 MVA 10/0.4 kV Dyn7 4 ASEA,0.315,50,10,0.4,3.65,0.95,0.301597,4,D,YN,7
0.315 MVA 10/0.4 kV Dyn5 6 wnr ASEA,0.315,50,10,0.4,4.1,0.64,0.203185,6,D,YN,5
0.315 MVA 10/0.4 kV Dyn5 6 ASEA,0.315,50,10,0.4,4.1,0.82,0.260327,6,D,YN,5
0.315 MVA 10/0.4 kV Dyn5 4 wnr ASEA,0.315,50,10,0.4,3.65,0.73,0.231756,4,D,YN,5
0.315 MVA 10/0.4 kV Dyn5 4 ASEA,0.315,50,10,0.4,3.65,0.95,0.301597,4,D,YN,5
0.315 MVA 10/0.4 kV Dyn11 6wnr ASEA,0.315,50,10,0.4,4.1,0.64,0.203185,6,D,YN,11
0.315 MVA 10/0.4 kV Dyn11 6 ASEA,0.315,50,10,0.4,4.1,0.82,0.260327,6,D,YN,11
0.315 MVA 10/0.4 kV Dyn11 4wnr ASEA,0.315,50,10,0.4,3.65,0.73,0.231756,4,D,YN,11
0.315 MVA 10/0.4 kV Dyn11 4 ASEA,0.315,50,10,0.4,3.65,0.95,0.301597,4,D,YN,11
0.315 MVA 10/0.4 kV Dyn1 6 wnr ASEA,0.315,50,10,0.4,4.1,0.64,0.203185,6,D,YN,1
0.315 MVA 10/0.4 kV Dyn1 6 ASEA,0.315,50,10,0.4,4.1,0.82,0.260327,6,D,YN,1
0.315 MVA 10/0.4 kV Dyn1 4 wnr ASEA,0.315,50,10,0.4,3.65,0.73,0.231756,4,D,YN,1
0.315 MVA 10/0.4 kV Dyn1 4 ASEA,0.315,50,10,0.4,3.65,0.95,0.301597,4,D,YN,1
0.315 MVA 10/0.4 kV DT 315/10 F   SGB,0.315,50,10,0.4,4,0.95,0.301597,6,Y,ZN,5
0.315 MVA 10/0.4 kV DT 315   SGB,0.315,50,10,0.4,4,1,0.31747,4,Y,ZN,5
0.315 MVA 10/0.4 kV DOTNL 315/10  SGB,0.315,50,10,0.4,4.9,0.52,0.165089,4,Y,ZN,5
0.315 MVA 10/0.4 kV DOTN 315/10  SGB,0.315,50,10,0.4,4.9,0.68,0.215883,4,Y,ZN,5
0.315 MVA 10/0.4 kV DOTE 315/10  SGB,0.315,50,10,0.4,3.9,0.77,0.244454,4,Y,ZN,5
0.315 MVA 10/0.4 kV 0.95 GEAFOL,0.315,50,10,0.4,3.5,0.95,0.3015873,4,D,YN,5
0.315 MVA 10/0.4 kV 0.82 GEAFOL,0.315,50,10,0.4,3.4,0.82,0.2603175,6,D,YN,5
0.315 MVA 10/0.4 kV 0.74 GEAFOL,0.315,50,10,0.4,3.6,0.74,0.2349206,4,D,YN,5
0.315 MVA 10/0.4 kV 0.64 GEAFOL,0.315,50,10,0.4,3.8,0.64,0.2031746,6,D,YN,5
0.315 MVA 0.4/10kV DOTEL 315/10  SGB,0.315,50,10,0.4,3.9,0.5,0.15874,4,Y,ZN,5
0.25 MVA 10/0.4 kV Yyn6 6 wnr ASEA,0.25,50,10,0.4,3.4,0.54,0.21601,6,Y,YN,6
0.25 MVA 10/0.4 kV Yyn6 6 ASEA,0.25,50,10,0.4,3.4,0.69,0.27601,6,Y,YN,6
0.25 MVA 10/0.4 kV Yyn6 4 wnr ASEA,0.25,50,10,0.4,3,0.62,0.24801,4,Y,YN,6
0.25 MVA 10/0.4 kV Yyn6 4 ASEA,0.25,50,10,0.4,3,0.82,0.32801,4,Y,YN,6
0.25 MVA 10/0.4 kV Yyn0 6wnr ASEA,0.25,50,10,0.4,3.4,0.54,0.21601,6,Y,YN,0
0.25 MVA 10/0.4 kV Yyn0 6 ASEA,0.25,50,10,0.4,3.4,0.69,0.27601,6,Y,YN,0
0.25 MVA 10/0.4 kV Yyn0 4 wnr ASEA,0.25,50,10,0.4,3,0.62,0.24801,4,Y,YN,0
0.25 MVA 10/0.4 kV Yyn0 4 ASEA,0.25,50,10,0.4,3,0.82,0.32801,4,Y,YN,0
0.25 MVA 10/0.4 kV ET 250/23  SGB,0.25,50,10,0.4,3,0.82,0.32801,3.75,Y,ZN,5
0.25 MVA 10/0.4 kV ET 250  SGB,0.25,50,10,0.4,3,0.82,0.32801,3.75,Y,ZN,5
0.25 MVA 10/0.4 kV Dyn7 6 wnr ASEA,0.25,50,10,0.4,3.4,0.54,0.21601,6,D,YN,7
0.25 MVA 10/0.4 kV Dyn7 6 ASEA,0.25,50,10,0.4,3.4,0.69,0.27601,6,D,YN,7
0.25 MVA 10/0.4 kV Dyn7 4 wnr ASEA,0.25,50,10,0.4,3,0.62,0.24801,4,D,YN,7
0.25 MVA 10/0.4 kV Dyn7 4 ASEA,0.25,50,10,0.4,3,0.82,0.32801,4,D,YN,7
0.25 MVA 10/0.4 kV Dyn5 6 wnr ASEA,0.25,50,10,0.4,3.4,0.54,0.21601,6,D,YN,5
0.25 MVA 10/0.4 kV Dyn5 6 ASEA,0.25,50,10,0.4,3.4,0.69,0.27601,6,D,YN,5
0.25 MVA 10/0.4 kV Dyn5 4 wnr ASEA,0.25,50,10,0.4,3,0.62,0.24801,4,D,YN,5
0.25 MVA 10/0.4 kV Dyn5 4 ASEA,0.25,50,10,0.4,3,0.82,0.32801,4,D,YN,5
0.25 MVA 10/0.4 kV Dyn11 6 wnr ASEA,0.25,50,10,0.4,3.4,0.54,0.21601,6,D,YN,11
0.25 MVA 10/0.4 kV Dyn11 6 ASEA,0.25,50,10,0.4,3.4,0.69,0.27601,6,D,YN,11
0.25 MVA 10/0.4 kV Dyn11 4 wnr ASEA,0.25,50,10,0.4,3,0.62,0.24801,4,D,YN,11
0.25 MVA 10/0.4 kV Dyn11 4 ASEA,0.25,50,10,0.4,3,0.82,0.32801,4,D,YN,11
0.25 MVA 10/0.4 kV Dyn1 6 wnr ASEA,0.25,50,10,0.4,3.4,0.54,0.21601,6,D,YN,1
0.25 MVA 10/0.4 kV Dyn1 6 ASEA,0.25,50,10,0.4,3.4,0.69,0.27601,6,D,YN,1
0.25 MVA 10/0.4 kV Dyn1 4 wnr ASEA,0.25,50,10,0.4,3,0.62,0.24801,4,D,YN,1
0.25 MVA 10/0.4 kV Dyn1 4 ASEA,0.25,50,10,0.4,3,0.82,0.32801,4,D,YN,1
0.25 MVA 10/0.4 kV DTTHL SGB,0.25,50,10,0.4,3,0.5,0.20001,4,D,YN,5
0.25 MVA 10/0.4 kV DTKa SGB,0.25,50,10,0.4,3.2,0.8,0.32001,6,Y,ZN,5
0.25 MVA 10/0.4 kV DT 250/10 F   SGB,0.25,50,10,0.4,3.4,0.8,0.32001,6,Y,ZN,5
0.25 MVA 10/0.4 kV DT 250   SGB,0.25,50,10,0.4,3.2,0.9,0.36001,4,Y,ZN,5
0.25 MVA 10/0.4 kV DOTNL 250/10  SGB,0.25,50,10,0.4,4.1,0.435,0.17401,4,Y,ZN,5
0.25 MVA 10/0.4 kV DOTN 250/10  SGB,0.25,50,10,0.4,4.1,0.57,0.22801,4,Y,ZN,5
0.25 MVA 10/0.4 kV DOTEL 250/10  SGB,0.25,50,10,0.4,3.25,0.42,0.16801,4,Y,ZN,5
0.25 MVA 10/0.4 kV DOTE 250/10  SGB,0.25,50,10,0.4,3.25,0.65,0.26001,4,Y,ZN,5
0.25 MVA 10/0.4 kV 0.82 GEAFOL,0.25,50,10,0.4,3,0.82,0.328,4,D,YN,5
0.25 MVA 10/0.4 kV 0.77 Trafo Union,0.25,50,10,0.4,2.9,0.77,0.308,4,D,YN,5
0.25 MVA 10/0.4 kV 0.69 GEAFOL,0.25,50,10,0.4,3,0.69,0.276,6,D,YN,5
0.25 MVA 10/0.4 kV 0.64 GEAFOL,0.25,50,10,0.4,3,0.64,0.256,4,D,YN,5
0.25 MVA 10/0.4 kV 0.6 Trafo Union wnr,0.25,50,10,0.4,3,0.6,0.24,4,D,YN,5
0.25 MVA 10/0.4 kV 0.54 GEAFOL,0.25,50,10,0.4,3.4,0.54,0.216,6,D,YN,5
0.25 MVA 10/0.4 kV 0.5 Trafo Union,0.25,50,10,0.4,2.9,0.77,0.308,4,D,YN,5
0.25 MVA 10/0.4 kV 0.4 Trafo Union wnr,0.25,50,10,0.4,3,0.6,0.24,4,D,YN,5
0.2 MVA 10/0.4 kV Yyn6 wnr ASEA,0.2,50,10,0.4,2.75,0.52,0.26001,4,Y,YN,6
0.2 MVA 10/0.4 kV Yyn6 ASEA,0.2,50,10,0.4,2.75,0.69,0.34501,4,Y,YN,6
0.2 MVA 10/0.4 kV Yyn0 wnr ASEA,0.2,50,10,0.4,2.75,0.52,0.26001,4,Y,YN,0
0.2 MVA 10/0.4 kV Yyn0 ASEA,0.2,50,10,0.4,2.75,0.69,0.34501,4,Y,YN,0
0.2 MVA 10/0.4 kV Trafo Union wnr,0.2,50,10,0.4,2.5,0.55,0.275,4,D,YN,5
0.2 MVA 10/0.4 kV Trafo Union,0.2,50,10,0.4,2.5,0.7,0.35,4,D,YN,5
0.2 MVA 10/0.4 kV Dyn7 wnr ASEA,0.2,50,10,0.4,2.75,0.52,0.26001,4,D,YN,7
0.2 MVA 10/0.4 kV Dyn7 ASEA,0.2,50,10,0.4,2.75,0.69,0.34501,4,D,YN,7
0.2 MVA 10/0.4 kV Dyn5 wnr ASEA,0.2,50,10,0.4,2.75,0.52,0.26001,4,D,YN,5
0.2 MVA 10/0.4 kV Dyn5 ASEA,0.2,50,10,0.4,2.75,0.69,0.34501,4,D,YN,5
0.2 MVA 10/0.4 kV Dyn11 wnr ASEA,0.2,50,10,0.4,2.75,0.52,0.26001,4,D,YN,11
0.2 MVA 10/0.4 kV Dyn11 ASEA,0.2,50,10,0.4,2.75,0.69,0.34501,4,D,YN,11
0.2 MVA 10/0.4 kV Dyn1 wnr ASEA,0.2,50,10,0.4,2.75,0.52,0.26001,4,D,YN,1
0.2 MVA 10/0.4 kV Dyn1 ASEA,0.2,50,10,0.4,2.75,0.69,0.34501,4,D,YN,1
0.2 MVA 10/0.4 kV DT 200/10 F   SGB,0.2,50,10,0.4,2.3,0.65,0.32501,4,Y,ZN,5
0.2 MVA 10/0.4 kV DT 200   SGB,0.2,50,10,0.4,2.8,0.75,0.37501,4,Y,ZN,5
0.2 MVA 10/0.4 kV DOTNL 200/10  SGB,0.2,50,10,0.4,3.6,0.355,0.17751,4,Y,ZN,5
0.2 MVA 10/0.4 kV DOTN 200/10  SGB,0.2,50,10,0.4,3.6,0.445,0.22251,4,Y,ZN,5
0.2 MVA 10/0.4 kV DOTEL 200/10  SGB,0.2,50,10,0.4,2.85,0.36,0.18001,4,Y,ZN,5
0.2 MVA 10/0.4 kV DOTE 200/10  SGB,0.2,50,10,0.4,2.85,0.55,0.27501,4,Y,ZN,5
0.2 MVA 10/0.4 kV 0.69 GEAFOL,0.2,50,10,0.4,2.65,0.69,0.345,4,D,YN,5
0.2 MVA 10/0.4 kV 0.57 GEAFOL,0.2,50,10,0.4,2.8,0.57,0.285,6,D,YN,5
0.2 MVA 10/0.4 kV 0.54 GEAFOL,0.2,50,10,0.4,2.6,0.54,0.27,4,D,YN,5
0.2 MVA 10/0.4 kV 0.44 GEAFOL,0.2,50,10,0.4,2.9,0.44,0.22,6,D,YN,5
0.16 MVA 10/0.4 kV Yyn6 wnr ASEA,0.16,50,10,0.4,2.3,0.46,0.28751,4,Y,YN,6
0.16 MVA 10/0.4 kV Yyn6 ASEA,0.16,50,10,0.4,2.3,0.61,0.38126,4,Y,YN,6
0.16 MVA 10/0.4 kV Yyn0 wnr ASEA,0.16,50,10,0.4,2.3,0.46,0.28751,4,Y,YN,0
0.16 MVA 10/0.4 kV Yyn0 ASEA,0.16,50,10,0.4,2.3,0.61,0.38126,4,Y,YN,0
0.16 MVA 10/0.4 kV Trafo Union wnr,0.16,50,10,0.4,2.5,0.45,0.28125,4,D,YN,5
0.16 MVA 10/0.4 kV Trafo Union,0.16,50,10,0.4,2.4,0.55,0.34375,4,D,YN,5
0.16 MVA 10/0.4 kV ET 160/23  SGB,0.16,50,10,0.4,2.1,0.58,0.36251,3.75,Y,ZN,5
0.16 MVA 10/0.4 kV ET 160  SGB,0.16,50,10,0.4,2.1,0.58,0.36251,3.75,Y,ZN,5
0.16 MVA 10/0.4 kV Dyn7 wnr ASEA,0.16,50,10,0.4,2.3,0.46,0.28751,4,D,YN,7
0.16 MVA 10/0.4 kV Dyn7 ASEA,0.16,50,10,0.4,2.3,0.61,0.38126,4,D,YN,7
0.16 MVA 10/0.4 kV Dyn5 wnr ASEA,0.16,50,10,0.4,2.3,0.46,0.28751,4,D,YN,5
0.16 MVA 10/0.4 kV Dyn5 ASEA,0.16,50,10,0.4,2.3,0.61,0.38126,4,D,YN,5
0.16 MVA 10/0.4 kV Dyn11 wnr ASEA,0.16,50,10,0.4,2.3,0.46,0.28751,4,D,YN,11
0.16 MVA 10/0.4 kV Dyn11 ASEA,0.16,50,10,0.4,2.3,0.61,0.38126,4,D,YN,11
0.16 MVA 10/0.4 kV Dyn1 wnr ASEA,0.16,50,10,0.4,2.3,0.46,0.28751,4,D,YN,1
0.16 MVA 10/0.4 kV Dyn1 ASEA,0.16,50,10,0.4,2.3,0.61,0.38126,4,D,YN,1
0.16 MVA 10/0.4 kV DTTHL SGB,0.16,50,10,0.4,2.6,0.35,0.21876,4,D,YN,5
0.16 MVA 10/0.4 kV DTKa 4 SGB,0.16,50,10,0.4,2.6,0.58,0.36251,4,Y,ZN,5
0.16 MVA 10/0.4 kV DTKa 3.8 SGB,0.16,50,10,0.4,2.4,0.58,0.36251,3.8,Y,ZN,5
0.16 MVA 10/0.4 kV DT 160/10 F   SGB,0.16,50,10,0.4,2.3,0.65,0.40626,4,Y,ZN,5
0.16 MVA 10/0.4 kV DT 160   SGB,0.16,50,10,0.4,2.3,0.63,0.39376,4,Y,ZN,5
0.16 MVA 10/0.4 kV DOTNL 160/10  SGB,0.16,50,10,0.4,3.1,0.295,0.184385,4,Y,ZN,5
0.16 MVA 10/0.4 kV DOTN 160/10  SGB,0.16,50,10,0.4,3.1,0.39,0.24376,4,Y,ZN,5
0.16 MVA 10/0.4 kV DOTEL 160/10  SGB,0.16,50,10,0.4,2.35,0.3,0.18751,4,Y,ZN,5
0.16 MVA 10/0.4 kV DOTE 160/10  SGB,0.16,50,10,0.4,2.35,0.46,0.28751,4,Y,ZN,5
0.16 MVA 10/0.4 kV 6 GEAFOL,0.16,50,10,0.4,2.4,0.48,0.3,6,D,YN,5
0.16 MVA 10/0.4 kV 4 GEAFOL,0.16,50,10,0.4,2.3,0.48,0.3,4,D,YN,5
0.16 MVA 10/0.4 kV 0.61 GEAFOL,0.16,50,10,0.4,2.3,0.61,0.38125,4,D,YN,5
0.16 MVA 10/0.4 kV 0.37 GEAFOL,0.16,50,10,0.4,2.4,0.37,0.23125,6,D,YN,5
0.125 MVA 10/0.4 kV Yyn6 wnr ASEA,0.125,50,10,0.4,2,0.4,0.32001,4,Y,YN,6
0.125 MVA 10/0.4 kV Yyn6 ASEA,0.125,50,10,0.4,2,0.52,0.41601,4,Y,YN,6
0.125 MVA 10/0.4 kV Yyn0 wnr ASEA,0.125,50,10,0.4,2,0.4,0.32001,4,Y,YN,0
0.125 MVA 10/0.4 kV Yyn0 ASEA,0.125,50,10,0.4,2,0.52,0.41601,4,Y,YN,0
0.125 MVA 10/0.4 kV Trafo Union wnr,0.125,50,10,0.4,2,0.4,0.32001,4,Y,ZN,5
0.125 MVA 10/0.4 kV Trafo Union,0.125,50,10,0.4,1.9,0.5,0.40001,4,Y,ZN,5
0.125 MVA 10/0.4 kV Dyn7 wnr ASEA,0.125,50,10,0.4,2,0.4,0.32001,4,D,YN,7
0.125 MVA 10/0.4 kV Dyn7 ASEA,0.125,50,10,0.4,2,0.52,0.41601,4,D,YN,7
0.125 MVA 10/0.4 kV Dyn5 wnr ASEA,0.125,50,10,0.4,2,0.4,0.32001,4,D,YN,5
0.125 MVA 10/0.4 kV Dyn5 ASEA,0.125,50,10,0.4,2,0.52,0.41601,4,D,YN,5
0.125 MVA 10/0.4 kV Dyn11 wnr ASEA,0.125,50,10,0.4,2,0.4,0.32001,4,D,YN,11
0.125 MVA 10/0.4 kV Dyn11 ASEA,0.125,50,10,0.4,2,0.52,0.41601,4,D,YN,11
0.125 MVA 10/0.4 kV Dyn1 wnr ASEA,0.125,50,10,0.4,2,0.4,0.32001,4,D,YN,1
0.125 MVA 10/0.4 kV Dyn1 ASEA,0.125,50,10,0.4,2,0.52,0.41601,4,D,YN,1
0.125 MVA 10/0.4 kV DOTNL 125/10  SGB,0.125,50,10,0.4,2.65,0.255,0.20401,4,Y,ZN,5
0.125 MVA 10/0.4 kV DOTN 125/10  SGB,0.125,50,10,0.4,2.65,0.34,0.27201,4,Y,ZN,5
0.125 MVA 10/0.4 kV DOTEL 125/10  SGB,0.125,50,10,0.4,2.05,0.255,0.20401,4,Y,ZN,5
0.125 MVA 10/0.4 kV DOTE 125/10  SGB,0.125,50,10,0.4,2.05,0.39,0.31201,4,Y,ZN,5
0.125 MVA 10/0.4 kV 0.52 GEAFOL,0.125,50,10,0.4,1.9,0.52,0.416,4,D,YN,5
0.125 MVA 10/0.4 kV 0.41 GEAFOL,0.125,50,10,0.4,2,0.41,0.328,4,D,YN,5
0.125 MVA 10/0.4 kV 0.4 GEAFOL,0.125,50,10,0.4,2,0.4,0.32,6,D,YN,5
0.125 MVA 10/0.4 kV 0.31 GEAFOL,0.125,50,10,0.4,2,0.31,0.248,6,D,YN,5
0.1 MVA 10/0.4 kV Yyn6 wnr ASEA,0.1,50,10,0.4,1.7,0.34,0.34001,4,Y,YN,6
0.1 MVA 10/0.4 kV Yyn6 ASEA,0.1,50,10,0.4,1.7,0.44,0.44001,4,Y,YN,6
0.1 MVA 10/0.4 kV Yyn0 wnr ASEA,0.1,50,10,0.4,1.7,0.34,0.34001,4,Y,YN,0
0.1 MVA 10/0.4 kV Yyn0 ASEA,0.1,50,10,0.4,1.7,0.44,0.44001,4,Y,YN,0
0.1 MVA 10/0.4 kV Trafo Union wnr,0.1,50,10,0.4,1.9,0.35,0.35,4,Y,ZN,5
0.1 MVA 10/0.4 kV Trafo Union,0.1,50,10,0.4,1.9,0.45,0.45,4,Y,ZN,5
0.1 MVA 10/0.4 kV ET 100/23  SGB,0.1,50,10,0.4,1.5,0.42,0.42001,3.75,Y,ZN,5
0.1 MVA 10/0.4 kV ET 100  SGB,0.1,50,10,0.4,1.5,0.42,0.42001,3.75,Y,ZN,5
0.1 MVA 10/0.4 kV Dyn7 wnr ASEA,0.1,50,10,0.4,1.7,0.34,0.34001,4,D,YN,7
0.1 MVA 10/0.4 kV Dyn7 ASEA,0.1,50,10,0.4,1.7,0.44,0.44001,4,D,YN,7
0.1 MVA 10/0.4 kV Dyn5 wnr ASEA,0.1,50,10,0.4,1.7,0.34,0.34001,4,D,YN,5
0.1 MVA 10/0.4 kV Dyn5 ASEA,0.1,50,10,0.4,1.7,0.44,0.44001,4,D,YN,5
0.1 MVA 10/0.4 kV Dyn11 wnr ASEA,0.1,50,10,0.4,1.7,0.34,0.34001,4,D,YN,11
0.1 MVA 10/0.4 kV Dyn11 ASEA,0.1,50,10,0.4,1.7,0.44,0.44001,4,D,YN,11
0.1 MVA 10/0.4 kV Dyn1 wnr ASEA,0.1,50,10,0.4,1.7,0.34,0.34001,4,D,YN,1
0.1 MVA 10/0.4 kV Dyn1 ASEA,0.1,50,10,0.4,1.7,0.44,0.44001,4,D,YN,1
0.1 MVA 10/0.4 kV DTTHL SGB,0.1,50,10,0.4,2.1,0.27,0.27001,4,Y,ZN,5
0.1 MVA 10/0.4 kV DTKa 4 SGB,0.1,50,10,0.4,1.95,0.45,0.45001,4,Y,ZN,5
0.1 MVA 10/0.4 kV DTKa 3.8 SGB,0.1,50,10,0.4,1.85,0.45,0.45001,3.8,Y,ZN,5
0.1 MVA 10/0.4 kV DT 100/10 F  SGB,0.1,50,10,0.4,1.7,0.51,0.51001,4,Y,ZN,5
0.1 MVA 10/0.4 kV DT 100  SGB,0.1,50,10,0.4,1.7,0.44,0.44001,4,Y,ZN,5
0.1 MVA 10/0.4 kV DOTNL 100/10  SGB,0.1,50,10,0.4,2.15,0.21,0.21001,4,Y,ZN,5
0.1 MVA 10/0.4 kV DOTN 100/10  SGB,0.1,50,10,0.4,2.15,0.29,0.29001,4,Y,ZN,5
0.1 MVA 10/0.4 kV DOTEL 100/10  SGB,0.1,50,10,0.4,1.75,0.21,0.21001,4,Y,ZN,5
0.1 MVA 10/0.4 kV DOTE 100/10  SGB,0.1,50,10,0.4,1.75,0.32,0.32001,4,Y,ZN,5
0.1 MVA 10/0.4 kV 6 GEAFOL,0.1,50,10,0.4,1.7,0.34,0.34,6,D,YN,5
0.1 MVA 10/0.4 kV 4 GEAFOL,0.1,50,10,0.4,1.7,0.34,0.34,4,D,YN,5
0.1 MVA 10/0.4 kV 0.44 GEAFOL,0.1,50,10,0.4,1.6,0.44,0.44,4,D,YN,5
0.1 MVA 10/0.4 kV 0.27 GEAFOL,0.1,50,10,0.4,1.7,0.27,0.27,6,D,YN,5
0.075 MVA 10/0.4 kV 0.36 GEAFOL,0.075,50,10,0.4,1.35,0.36,0.48,4,D,YN,5
0.075 MVA 10/0.4 kV 0.28 GEAFOL,0.075,50,10,0.4,1.35,0.28,0.3733333,4,D,YN,5
0.063 MVA 10/0.4 kV ET 63/23  SGB,0.063,50,10,0.4,1.05,0.3,0.4762,3.75,Y,ZN,5
0.063 MVA 10/0.4 kV ET 63  SGB,0.063,50,10,0.4,1.05,0.3,0.4762,3.75,Y,ZN,5
0.063 MVA 10/0.4 kV DTKa 4 SGB,0.063,50,10,0.4,1.4,0.36,0.571439,4,Y,ZN,5
0.063 MVA 10/0.4 kV DTKa 3.8 SGB,0.063,50,10,0.4,1.4,0.36,0.571439,3.8,Y,ZN,5
0.063 MVA 10/0.4 kV DT 63/10 F  SGB,0.063,50,10,0.4,1.35,0.42,0.666677,4,Y,ZN,5
0.063 MVA 10/0.4 kV DT 63  SGB,0.063,50,10,0.4,1.2,0.33,0.52382,4,Y,ZN,5
0.05 MVA 10/0.4 kV DTTHL SGB,0.05,50,10,0.4,1.3,0.18,0.36001,4,Y,ZN,5
0.05 MVA 10/0.4 kV 0.28 GEAFOL,0.05,50,10,0.4,1,0.28,0.56,4,D,YN,5
0.05 MVA 10/0.4 kV 0.22 GEAFOL,0.05,50,10,0.4,1.05,0.22,0.44,4,D,YN,5
0.04 MVA 10/0.4 kV ET 40/23  SGB,0.04,50,10,0.4,0.75,0.22,0.55001,3.75,Y,ZN,5
0.04 MVA 10/0.4 kV ET 40  SGB,0.04,50,10,0.4,0.75,0.22,0.55001,3.75,Y,ZN,5
0.04 MVA 10/0.4 kV DT 40  SGB,0.04,50,10,0.4,0.9,0.27,0.67501,4,Y,ZN,5
0.025 MVA 10/0.4 kV ET 25/23  SGB,0.025,50,10,0.4,0.55,0.15,0.60001,3.75,Y,ZN,5
0.025 MVA 10/0.4 kV ET 25  SGB,0.025,50,10,0.4,0.55,0.15,0.60001,3.75,Y,ZN,5
0.025 MVA 10/0.4 kV DT 25   SGB,0.025,50,10,0.4,0.7,0.2,0.80001,4,Y,ZN,5
0.016 MVA 10/0.4 kV ET 16/23  SGB,0.016,50,10,0.4,0.45,0.11,0.68751,3.75,Y,ZN,5
0.016 MVA 10/0.4 kV ET 16  SGB,0.016,50,10,0.4,0.45,0.11,0.68751,3.75,Y,ZN,5
0.016 MVA 10/0.4 kV DT 16   SGB,0.016,50,10,0.4,0.45,0.15,0.93751,4,Y,ZN,5
0.01 MVA 10/0.4 kV DT 10  SGB,0.01,50,10,0.4,0.35,0.12,1.20001,4,Y,ZN,5
0.05 MVA 20/0.4 kV DTTHL SGB,0.05,50,20,0.4,1.4,0.2,0.40001,6,Y,ZN,5
0.05 MVA 20/0.4 kV DTTHXL SGB,0.05,50,20,0.4,1.3,0.275,0.55001,4,Y,ZN,5
0.1 MVA 20/0.4 kV 0.37 GEAFOL,0.1,50,20,0.4,1.8,0.37,0.37,6,D,YN,5
0.1 MVA 20/0.4 kV 0.48 GEAFOL,0.1,50,20,0.4,1.8,0.48,0.48,6,D,YN,5
0.1 MVA 20/0.4 kV DOTE 100/20  SGB,0.1,50,20,0.4,1.75,0.32,0.32001,4,Y,ZN,5
0.1 MVA 20/0.4 kV DOTEL 100/20  SGB,0.1,50,20,0.4,1.75,0.21,0.21001,4,Y,ZN,5
0.1 MVA 20/0.4 kV DOTN 100/20  SGB,0.1,50,20,0.4,2.15,0.305,0.30501,4,Y,ZN,5
0.1 MVA 20/0.4 kV DOTNL 100/20  SGB,0.1,50,20,0.4,2.15,0.22,0.22001,4,Y,ZN,5
0.1 MVA 20/0.4 kV DTTHL SGB,0.1,50,20,0.4,2.3,0.3,0.30001,6,Y,ZN,5
0.1 MVA 20/0.4 kV DTTHXL SGB,0.1,50,20,0.4,2.1,0.375,0.37501,4,Y,ZN,5
0.1 MVA 20/0.4 kV Trafo Union,0.1,50,20,0.4,2.1,0.53,0.53,6,Y,ZN,5
0.1 MVA 20/0.4 kV Trafo Union wnr,0.1,50,20,0.4,2.1,0.4,0.4,6,Y,ZN,5
0.125 MVA 20/0.4 kV 0.43 GEAFOL,0.125,50,20,0.4,2.15,0.43,0.344,6,D,YN,5
0.125 MVA 20/0.4 kV 0.55 GEAFOL,0.125,50,20,0.4,2.15,0.55,0.44,6,D,YN,5
0.125 MVA 20/0.4 kV DOTE 125/20  SGB,0.125,50,20,0.4,2.05,0.39,0.31201,4,Y,ZN,5
0.125 MVA 20/0.4 kV DOTEL 125/20  SGB,0.125,50,20,0.4,2.05,0.255,0.20401,4,Y,ZN,5
0.125 MVA 20/0.4 kV DOTN 125/20  SGB,0.125,50,20,0.4,2.65,0.36,0.28801,4,Y,ZN,5
0.125 MVA 20/0.4 kV DOTNL 125/20  SGB,0.125,50,20,0.4,2.65,0.265,0.21201,4,Y,ZN,5
0.125 MVA 20/0.4 kV Trafo Union,0.125,50,20,0.4,2.3,0.57,0.45601,6,Y,ZN,5
0.125 MVA 20/0.4 kV Trafo Union wnr,0.125,50,20,0.4,2.4,0.45,0.36001,6,Y,ZN,5
0.16 MVA 20/0.4 kV 0.51 GEAFOL,0.16,50,20,0.4,2.6,0.51,0.31875,6,D,YN,5
0.16 MVA 20/0.4 kV 0.65 GEAFOL,0.16,50,20,0.4,2.6,0.65,0.40625,6,D,YN,5
0.16 MVA 20/0.4 kV DOTE 160/20  SGB,0.16,50,20,0.4,2.35,0.46,0.28751,4,Y,ZN,5
0.16 MVA 20/0.4 kV DOTEL 160/20  SGB,0.16,50,20,0.4,2.35,0.3,0.18751,4,Y,ZN,5
0.16 MVA 20/0.4 kV DOTN 160/20  SGB,0.16,50,20,0.4,3.1,0.41,0.25626,4,Y,ZN,5
0.16 MVA 20/0.4 kV DOTNL 160/20  SGB,0.16,50,20,0.4,3.1,0.31,0.19376,4,Y,ZN,5
0.16 MVA 20/0.4 kV DTTHL SGB,0.16,50,20,0.4,2.9,0.39,0.24376,6,D,YN,5
0.16 MVA 20/0.4 kV DTTHXL SGB,0.16,50,20,0.4,2.5,0.48,0.30001,4,D,YN,5
0.16 MVA 20/0.4 kV Trafo Union,0.16,50,20,0.4,2.8,0.65,0.40625,6,Y,ZN,5
0.16 MVA 20/0.4 kV Trafo Union wnr,0.16,50,20,0.4,3,0.52,0.325,6,Y,ZN,5
0.2 MVA 20/0.4 kV 0.59 GEAFOL,0.2,50,20,0.4,3.1,0.59,0.295,6,D,YN,5
0.2 MVA 20/0.4 kV 0.75 GEAFOL,0.2,50,20,0.4,2.9,0.75,0.375,6,D,YN,5
0.2 MVA 20/0.4 kV DOTE 200/20  SGB,0.2,50,20,0.4,2.85,0.55,0.27501,4,Y,ZN,5
0.2 MVA 20/0.4 kV DOTEL 200/20  SGB,0.2,50,20,0.4,2.85,0.36,0.18001,4,Y,ZN,5
0.2 MVA 20/0.4 kV DOTN 200/20  SGB,0.2,50,20,0.4,3.6,0.465,0.23251,4,Y,ZN,5
0.2 MVA 20/0.4 kV DOTNL 200/20  SGB,0.2,50,20,0.4,3.6,0.37,0.18501,4,Y,ZN,5
0.2 MVA 20/0.4 kV Trafo Union,0.2,50,20,0.4,3,0.73,0.365,6,Y,ZN,5
0.2 MVA 20/0.4 kV Trafo Union wnr,0.2,50,20,0.4,3.1,0.63,0.31501,6,Y,ZN,5
0.25 MVA 20/0.4 kV 0.45 Trafo Union,0.25,50,20,0.4,3.6,0.8,0.32001,6,Y,ZN,5
0.25 MVA 20/0.4 kV 0.57 Trafo Union wnr,0.25,50,20,0.4,3.7,0.67,0.26801,6,Y,ZN,5
0.25 MVA 20/0.4 kV 0.67 Trafo Union,0.25,50,20,0.4,3.6,0.8,0.32001,6,Y,ZN,5
0.25 MVA 20/0.4 kV 0.69 GEAFOL,0.25,50,20,0.4,3.3,0.69,0.276,6,D,YN,5
0.25 MVA 20/0.4 kV 0.8 Trafo Union wnr,0.25,50,20,0.4,3.7,0.67,0.26801,6,Y,ZN,5
0.25 MVA 20/0.4 kV 0.88 GEAFOL,0.25,50,20,0.4,3.3,0.88,0.352,6,D,YN,5
0.25 MVA 20/0.4 kV DOTE 250/20  SGB,0.25,50,20,0.4,3.25,0.65,0.26001,4,Y,ZN,5
0.25 MVA 20/0.4 kV DOTEL 250/20  SGB,0.25,50,20,0.4,3.25,0.42,0.16801,4,Y,ZN,5
0.25 MVA 20/0.4 kV DOTN 250/20  SGB,0.25,50,20,0.4,4.1,0.57,0.22801,4,Y,ZN,5
0.25 MVA 20/0.4 kV DOTNL 250/20  SGB,0.25,50,20,0.4,4.1,0.435,0.17401,4,Y,ZN,5
0.25 MVA 20/0.4 kV DTTHL SGB,0.25,50,20,0.4,3.5,0.55,0.22001,6,D,YN,5
0.25 MVA 20/0.4 kV DTTHXL SGB,0.25,50,20,0.4,3,0.65,0.26001,4,D,YN,5
0.25 MVA 20/0.4 kV Dyn0 wnr ASEA,0.25,50,20,0.4,3.3,0.67,0.26801,6,D,YN,0
0.25 MVA 20/0.4 kV Dyn1 ASEA,0.25,50,20,0.4,3.3,0.88,0.35201,6,D,YN,1
0.25 MVA 20/0.4 kV Dyn1 wnr ASEA,0.25,50,20,0.4,3.3,0.67,0.26801,6,D,YN,1
0.25 MVA 20/0.4 kV Dyn11 ASEA,0.25,50,20,0.4,3.3,0.88,0.35201,6,D,YN,11
0.25 MVA 20/0.4 kV Dyn11 wnr ASEA,0.25,50,20,0.4,3.3,0.67,0.26801,6,D,YN,11
0.25 MVA 20/0.4 kV Dyn5 ASEA,0.25,50,20,0.4,3.3,0.88,0.35201,6,D,YN,5
0.25 MVA 20/0.4 kV Dyn7 ASEA,0.25,50,20,0.4,3.3,0.88,0.35201,6,D,YN,7
0.25 MVA 20/0.4 kV Dyn7 wnr ASEA,0.25,50,20,0.4,3.3,0.67,0.26801,6,D,YN,7
0.25 MVA 20/0.4 kV Yyn0 ASEA,0.25,50,20,0.4,3.3,0.88,0.35201,6,Y,YN,0
0.25 MVA 20/0.4 kV Yyn0 wnr ASEA,0.25,50,20,0.4,3.3,0.67,0.26801,6,Y,YN,0
0.25 MVA 20/0.4 kV Yyn6 ASEA,0.25,50,20,0.4,3.3,0.88,0.35201,6,Y,YN,6
0.25 MVA 20/0.4 kV Yyn6 wnr ASEA,0.25,50,20,0.4,3.3,0.67,0.26801,6,Y,YN,6
0.315 MVA 20/0.4 kV 0.82 GEAFOL,0.315,50,20,0.4,4,0.82,0.2603175,6,D,YN,5
0.315 MVA 20/0.4 kV 1.05 GEAFOL,0.315,50,20,0.4,4,1.05,0.3333333,6,D,YN,5
0.315 MVA 20/0.4 kV DOTE 315/20  SGB,0.315,50,20,0.4,3.9,0.77,0.244454,4,Y,ZN,5
0.315 MVA 20/0.4 kV DOTEL 315/20  SGB,0.315,50,20,0.4,3.9,0.5,0.15874,4,Y,ZN,5
0.315 MVA 20/0.4 kV DOTN 315/20  SGB,0.315,50,20,0.4,4.9,0.68,0.215883,4,Y,ZN,5
0.315 MVA 20/0.4 kV DOTNL 315/20  SGB,0.315,50,20,0.4,4.9,0.52,0.165089,4,Y,ZN,5
0.315 MVA 20/0.4 kV Dyn0 wnr ASEA,0.315,50,20,0.4,4,0.82,0.260327,6,D,YN,0
0.315 MVA 20/0.4 kV Dyn1 ASEA,0.315,50,20,0.4,4,1.05,0.333343,6,D,YN,1
0.315 MVA 20/0.4 kV Dyn1 wnr ASEA,0.315,50,20,0.4,4,0.82,0.260327,6,D,YN,1
0.315 MVA 20/0.4 kV Dyn11 ASEA,0.315,50,20,0.4,4,1.05,0.333343,6,D,YN,11
0.315 MVA 20/0.4 kV Dyn11 wnr ASEA,0.315,50,20,0.4,4,0.82,0.260327,6,D,YN,11
0.315 MVA 20/0.4 kV Dyn5 ASEA,0.315,50,20,0.4,4,1.05,0.333343,6,D,YN,5
0.315 MVA 20/0.4 kV Dyn7 ASEA,0.315,50,20,0.4,4,1.05,0.333343,6,D,YN,7
0.315 MVA 20/0.4 kV Dyn7 wnr ASEA,0.315,50,20,0.4,4,0.82,0.260327,6,D,YN,7
0.315 MVA 20/0.4 kV Trafo Union,0.315,50,20,0.4,4.5,1.23,0.3904762,6,D,YN,5
0.315 MVA 20/0.4 kV Trafo Union wnr,0.315,50,20,0.4,4.7,0.95,0.3015873,6,D,YN,5
0.315 MVA 20/0.4 kV Yyn0 ASEA,0.315,50,20,0.4,4,1.05,0.333343,6,Y,YN,0
0.315 MVA 20/0.4 kV Yyn0 wnr ASEA,0.315,50,20,0.4,4,0.82,0.260327,6,Y,YN,0
0.315 MVA 20/0.4 kV Yyn6 ASEA,0.315,50,20,0.4,4,1.05,0.333343,6,Y,YN,6
0.315 MVA 20/0.4 kV Yyn6 wnr ASEA,0.315,50,20,0.4,4,0.82,0.260327,6,Y,YN,6
0.4 MVA 20/0.4 kV 0.94 GEAFOL,0.4,50,20,0.4,4.8,0.94,0.235,6,D,YN,5
0.4 MVA 20/0.4 kV 1.2 GEAFOL,0.4,50,20,0.4,4.8,1.2,0.3,6,D,YN,5
0.4 MVA 20/0.4 kV 1.2 GEAFOL/FC,0.4,50,20,0.4,4.5,1.2,0.3,6,D,YN,5
0.4 MVA 20/0.4 kV DOTE 400/20  SGB,0.4,50,20,0.4,4.6,0.93,0.23251,4,Y,ZN,5
0.4 MVA 20/0.4 kV DOTEL 400/20  SGB,0.4,50,20,0.4,4.6,0.6,0.15001,4,Y,ZN,5
0.4 MVA 20/0.4 kV DOTN 400/20  SGB,0.4,50,20,0.4,6,0.815,0.20376,4,Y,ZN,5
0.4 MVA 20/0.4 kV DOTNL 400/20  SGB,0.4,50,20,0.4,6,0.625,0.15626,4,Y,ZN,5
0.4 MVA 20/0.4 kV DTTH  SGB,0.4,50,20,0.4,4.8,1.1,0.27501,6,D,YN,5
0.4 MVA 20/0.4 kV DTTHL SGB,0.4,50,20,0.4,4.8,0.87,0.21751,6,D,YN,5
0.4 MVA 20/0.4 kV DTTHXL SGB,0.4,50,20,0.4,4.8,0.9,0.22501,4,D,YN,5
0.4 MVA 20/0.4 kV Dyn0 wnr ASEA,0.4,50,20,0.4,4.8,0.94,0.23501,6,D,YN,0
0.4 MVA 20/0.4 kV Dyn1 ASEA,0.4,50,20,0.4,4.8,1.2,0.30001,6,D,YN,1
0.4 MVA 20/0.4 kV Dyn1 wnr ASEA,0.4,50,20,0.4,4.8,0.94,0.23501,6,D,YN,1
0.4 MVA 20/0.4 kV Dyn11 ASEA,0.4,50,20,0.4,4.8,1.2,0.30001,6,D,YN,11
0.4 MVA 20/0.4 kV Dyn11 wnr ASEA,0.4,50,20,0.4,4.8,0.94,0.23501,6,D,YN,11
0.4 MVA 20/0.4 kV Dyn5 ASEA,0.4,50,20,0.4,4.8,1.2,0.30001,6,D,YN,5
0.4 MVA 20/0.4 kV Dyn7 ASEA,0.4,50,20,0.4,4.8,1.2,0.30001,6,D,YN,7
0.4 MVA 20/0.4 kV Dyn7 wnr ASEA,0.4,50,20,0.4,4.8,0.94,0.23501,6,D,YN,7
0.4 MVA 20/0.4 kV Trafo Union,0.4,50,20,0.4,5.7,1.35,0.3375,6,D,YN,5
0.4 MVA 20/0.4 kV Trafo Union wnr,0.4,50,20,0.4,5.5,1.05,0.2625,6,D,YN,5
0.4 MVA 20/0.4 kV Yyn0 ASEA,0.4,50,20,0.4,4.8,1.2,0.30001,6,Y,YN,0
0.4 MVA 20/0.4 kV Yyn0 wnr ASEA,0.4,50,20,0.4,4.8,0.94,0.23501,6,Y,YN,0
0.4 MVA 20/0.4 kV Yyn6 ASEA,0.4,50,20,0.4,4.8,1.2,0.30001,6,Y,YN,6
0.4 MVA 20/0.4 kV Yyn6 wnr ASEA,0.4,50,20,0.4,4.8,0.94,0.23501,6,Y,YN,6
0.5 MVA 20/0.4 kV 1.09 GEAFOL,0.5,50,20,0.4,5.7,1.09,0.218,6,D,YN,5
0.5 MVA 20/0.4 kV 1.4 GEAFOL,0.5,50,20,0.4,5,1.4,0.28,6,D,YN,5
0.5 MVA 20/0.4 kV 1.4 GEAFOL/FC,0.5,50,20,0.4,5.4,1.4,0.28,6,D,YN,5
0.5 MVA 20/0.4 kV DOTE 500/20  SGB,0.5,50,20,0.4,5.5,1.1,0.22001,4,Y,ZN,5
0.5 MVA 20/0.4 kV DOTEL 500/20  SGB,0.5,50,20,0.4,5.5,0.72,0.14401,4,Y,ZN,5
0.5 MVA 20/0.4 kV DOTN 500/20  SGB,0.5,50,20,0.4,7.15,0.98,0.19601,4,Y,ZN,5
0.5 MVA 20/0.4 kV DOTNL 500/20  SGB,0.5,50,20,0.4,7.15,0.75,0.15001,4,Y,ZN,5
0.5 MVA 20/0.4 kV DTTH  SGB,0.5,50,20,0.4,6,1.2,0.24001,6,D,YN,5
0.5 MVA 20/0.4 kV DTTHL SGB,0.5,50,20,0.4,6,0.95,0.19001,6,D,YN,5
0.5 MVA 20/0.4 kV DTTHXL SGB,0.5,50,20,0.4,5.1,1.15,0.23001,4,D,YN,5
0.5 MVA 20/0.4 kV Dyn0 wnr ASEA,0.5,50,20,0.4,6,1.1,0.22001,6,D,YN,0
0.5 MVA 20/0.4 kV Dyn1 ASEA,0.5,50,20,0.4,6,1.4,0.28001,6,D,YN,1
0.5 MVA 20/0.4 kV Dyn1 wnr ASEA,0.5,50,20,0.4,6,1.1,0.22001,6,D,YN,1
0.5 MVA 20/0.4 kV Dyn11 ASEA,0.5,50,20,0.4,6,1.4,0.28001,6,D,YN,11
0.5 MVA 20/0.4 kV Dyn11 wnr ASEA,0.5,50,20,0.4,6,1.1,0.22001,6,D,YN,11
0.5 MVA 20/0.4 kV Dyn5 ASEA,0.5,50,20,0.4,6,1.4,0.28001,6,D,YN,5
0.5 MVA 20/0.4 kV Dyn7 ASEA,0.5,50,20,0.4,6,1.4,0.28001,6,D,YN,7
0.5 MVA 20/0.4 kV Dyn7 wnr ASEA,0.5,50,20,0.4,6,1.1,0.22001,6,D,YN,7
0.5 MVA 20/0.4 kV Trafo Union,0.5,50,20,0.4,6,1.5,0.3,6,D,YN,5
0.5 MVA 20/0.4 kV Trafo Union wnr,0.5,50,20,0.4,6.4,1.17,0.234,6,D,YN,5
0.5 MVA 20/0.4 kV Yyn0 ASEA,0.5,50,20,0.4,6,1.4,0.28001,6,Y,YN,0
0.5 MVA 20/0.4 kV Yyn0 wnr ASEA,0.5,50,20,0.4,6,1.1,0.22001,6,Y,YN,0
0.5 MVA 20/0.4 kV Yyn6 ASEA,0.5,50,20,0.4,6,1.4,0.28001,6,Y,YN,6
0.5 MVA 20/0.4 kV Yyn6 wnr ASEA,0.5,50,20,0.4,6,1.1,0.22001,6,Y,YN,6
0.63 MVA 20/0.4 kV 1.29 GEAFOL,0.63,50,20,0.4,6.6,1.29,0.2047619,6,D,YN,5
0.63 MVA 20/0.4 kV 1.65 GEAFOL,0.63,50,20,0.4,6.9,1.65,0.2619048,6,D,YN,5
0.63 MVA 20/0.4 kV 1.65 GEAFOL/FC,0.63,50,20,0.4,6.4,1.65,0.2619048,6,D,YN,5
0.63 MVA 20/0.4 kV DOTE 630/20  SGB,0.63,50,20,0.4,6.5,1.3,0.206359,4,Y,ZN,5
0.63 MVA 20/0.4 kV DOTEL 630/20  SGB,0.63,50,20,0.4,6.5,0.85,0.134931,4,Y,ZN,5
0.63 MVA 20/0.4 kV DOTN 630/20  SGB,0.63,50,20,0.4,8.4,1.15,0.18255,4,Y,ZN,5
0.63 MVA 20/0.4 kV DOTNL 630/20  SGB,0.63,50,20,0.4,8.4,0.88,0.139693,4,Y,ZN,5
0.63 MVA 20/0.4 kV DTTH  SGB,0.63,50,20,0.4,6.9,1.38,0.219058,6,D,YN,5
0.63 MVA 20/0.4 kV DTTHL SGB,0.63,50,20,0.4,6.9,1.1,0.174613,6,D,YN,5
0.63 MVA 20/0.4 kV DTTHXL SGB,0.63,50,20,0.4,6.3,1.25,0.198423,4,D,YN,5
0.63 MVA 20/0.4 kV Dyn0 wnr ASEA,0.63,50,20,0.4,6.9,1.27,0.201597,6,D,YN,0
0.63 MVA 20/0.4 kV Dyn1 ASEA,0.63,50,20,0.4,6.9,1.65,0.261915,6,D,YN,1
0.63 MVA 20/0.4 kV Dyn1 wnr ASEA,0.63,50,20,0.4,6.9,1.27,0.201597,6,D,YN,1
0.63 MVA 20/0.4 kV Dyn11 ASEA,0.63,50,20,0.4,6.9,1.65,0.261915,6,D,YN,11
0.63 MVA 20/0.4 kV Dyn11 wnr ASEA,0.63,50,20,0.4,6.9,1.27,0.201597,6,D,YN,11
0.63 MVA 20/0.4 kV Dyn5 ASEA,0.63,50,20,0.4,6.9,1.65,0.261915,6,D,YN,5
0.63 MVA 20/0.4 kV Dyn7 ASEA,0.63,50,20,0.4,6.9,1.65,0.261915,6,D,YN,7
0.63 MVA 20/0.4 kV Dyn7 wnr ASEA,0.63,50,20,0.4,6.9,1.27,0.201597,6,D,YN,7
0.63 MVA 20/0.4 kV Trafo Union,0.63,50,20,0.4,7.6,1.65,0.2619048,6,D,YN,5
0.63 MVA 20/0.4 kV Trafo Union wnr,0.63,50,20,0.4,8.1,1.27,0.2015873,6,D,YN,5
0.63 MVA 20/0.4 kV Yyn0 ASEA,0.63,50,20,0.4,6.9,1.65,0.261915,6,Y,YN,0
0.63 MVA 20/0.4 kV Yyn0 wnr ASEA,0.63,50,20,0.4,6.9,1.27,0.201597,6,Y,YN,0
0.63 MVA 20/0.4 kV Yyn6 ASEA,0.63,50,20,0.4,6.9,1.65,0.261915,6,Y,YN,6
0.63 MVA 20/0.4 kV Yyn6 wnr ASEA,0.63,50,20,0.4,6.9,1.27,0.201597,6,Y,YN,6
0.8 MVA 20/0.4 kV 1.48 GEAFOL,0.8,50,20,0.4,8,1.48,0.185,6,D,YN,5
0.8 MVA 20/0.4 kV 1.9 GEAFOL,0.8,50,20,0.4,8,1.9,0.2375,6,D,YN,5
0.8 MVA 20/0.4 kV 1.9 GEAFOL/FC,0.8,50,20,0.4,7.5,1.9,0.2375,6,D,YN,5
0.8 MVA 20/0.4 kV DOTE 800/20  SGB,0.8,50,20,0.4,8.5,1.5,0.18751,6,Y,ZN,5
0.8 MVA 20/0.4 kV DOTEL 800/20  SGB,0.8,50,20,0.4,8.5,0.98,0.12251,6,Y,ZN,5
0.8 MVA 20/0.4 kV DTTH  SGB,0.8,50,20,0.4,7.7,1.85,0.23126,6,D,YN,5
0.8 MVA 20/0.4 kV DTTHIL SGB,0.8,50,20,0.4,5.3,1.6,0.20001,6,D,YN,5
0.8 MVA 20/0.4 kV DTTHL SGB,0.8,50,20,0.4,7.5,1.4,0.17501,6,D,YN,5
0.8 MVA 20/0.4 kV Dyn0 wnr ASEA,0.8,50,20,0.4,8.1,1.46,0.18251,6,D,YN,0
0.8 MVA 20/0.4 kV Dyn1 ASEA,0.8,50,20,0.4,8.1,1.9,0.23751,6,D,YN,1
0.8 MVA 20/0.4 kV Dyn1 wnr ASEA,0.8,50,20,0.4,8.1,1.46,0.18251,6,D,YN,1
0.8 MVA 20/0.4 kV Dyn11 ASEA,0.8,50,20,0.4,8.1,1.9,0.23751,6,D,YN,11
0.8 MVA 20/0.4 kV Dyn11 wnr ASEA,0.8,50,20,0.4,8.1,1.46,0.18251,6,D,YN,11
0.8 MVA 20/0.4 kV Dyn5 ASEA,0.8,50,20,0.4,8.1,1.9,0.23751,6,D,YN,5
0.8 MVA 20/0.4 kV Dyn7 ASEA,0.8,50,20,0.4,8.1,1.9,0.23751,6,D,YN,7
0.8 MVA 20/0.4 kV Dyn7 wnr ASEA,0.8,50,20,0.4,8.1,1.46,0.18251,6,D,YN,7
0.8 MVA 20/0.4 kV Trafo Union,0.8,50,20,0.4,7.4,1.8,0.225,6,D,YN,5
0.8 MVA 20/0.4 kV Trafo Union wnr,0.8,50,20,0.4,7.6,1.63,0.20375,6,D,YN,5
0.8 MVA 20/0.4 kV Yyn0 ASEA,0.8,50,20,0.4,8.1,1.9,0.23751,6,Y,YN,0
0.8 MVA 20/0.4 kV Yyn0 wnr ASEA,0.8,50,20,0.4,8.1,1.46,0.18251,6,Y,YN,0
0.8 MVA 20/0.4 kV Yyn6 ASEA,0.8,50,20,0.4,8.1,1.9,0.23751,6,Y,YN,6
0.8 MVA 20/0.4 kV Yyn6 wnr ASEA,0.8,50,20,0.4,8.1,1.46,0.18251,6,Y,YN,6
1 MVA 20/0.4 kV 1.79 GEAFOL,1,50,20,0.4,9.6,1.79,0.179,6,D,YN,5
1 MVA 20/0.4 kV 2.3 GEAFOL,1,50,20,0.4,8.9,2.3,0.23,6,D,YN,5
1 MVA 20/0.4 kV 2.3 GEAFOL/FC,1,50,20,0.4,8.8,2.3,0.23,6,D,YN,5
1 MVA 20/0.4 kV DOTE 1000/20  SGB,1,50,20,0.4,10.5,1.7,0.17001,6,Y,ZN,5
1 MVA 20/0.4 kV DOTEL 1000/20  SGB,1,50,20,0.4,10.5,1.1,0.11001,6,Y,ZN,5
1 MVA 20/0.4 kV DTTH  SGB,1,50,20,0.4,9,2.25,0.22501,6,D,YN,5
1 MVA 20/0.4 kV DTTHIL SGB,1,50,20,0.4,6.5,1.73,0.17301,6,D,YN,5
1 MVA 20/0.4 kV DTTHL SGB,1,50,20,0.4,8.7,1.55,0.15501,6,D,YN,5
1 MVA 20/0.4 kV Dyn0 wnr ASEA,1,50,20,0.4,9.6,1.75,0.17501,6,D,YN,0
1 MVA 20/0.4 kV Dyn1 ASEA,1,50,20,0.4,9.6,2.3,0.23001,6,D,YN,1
1 MVA 20/0.4 kV Dyn1 wnr ASEA,1,50,20,0.4,9.6,1.75,0.17501,6,D,YN,1
1 MVA 20/0.4 kV Dyn11 ASEA,1,50,20,0.4,9.6,2.3,0.23001,6,D,YN,11
1 MVA 20/0.4 kV Dyn11 wnr ASEA,1,50,20,0.4,9.6,1.75,0.17501,6,D,YN,11
1 MVA 20/0.4 kV Dyn5 ASEA,1,50,20,0.4,9.6,2.3,0.23001,6,D,YN,5
1 MVA 20/0.4 kV Dyn7 ASEA,1,50,20,0.4,9.6,2.3,0.23001,6,D,YN,7
1 MVA 20/0.4 kV Dyn7 wnr ASEA,1,50,20,0.4,9.6,1.75,0.17501,6,D,YN,7
1 MVA 20/0.4 kV Trafo Union,1,50,20,0.4,9.2,2,0.2,6,D,YN,5
1 MVA 20/0.4 kV Trafo Union wnr,1,50,20,0.4,9,1.8,0.18,6,D,YN,5
1 MVA 20/0.4 kV Yyn0 ASEA,1,50,20,0.4,9.6,2.3,0.23001,6,Y,YN,0
1 MVA 20/0.4 kV Yyn0 wnr ASEA,1,50,20,0.4,9.6,1.75,0.17501,6,Y,YN,0
1 MVA 20/0.4 kV Yyn6 ASEA,1,50,20,0.4,9.6,2.3,0.23001,6,Y,YN,6
1 MVA 20/0.4 kV Yyn6 wnr ASEA,1,50,20,0.4,9.6,1.75,0.17501,6,Y,YN,6
1.25 MVA 20/0.4 kV 2.11 GEAFOL,1.25,50,20,0.4,11.2,2.11,0.1688,6,D,YN,5
1.25 MVA 20/0.4 kV 2.7 GEAFOL,1.25,50,20,0.4,10.4,2.7,0.216,6,D,YN,5
1.25 MVA 20/0.4 kV 2.7 GEAFOL/FC,1.25,50,20,0.4,10.4,2.7,0.216,6,D,YN,5
1.25 MVA 20/0.4 kV DOTE 1250/20  SGB,1.25,50,20,0.4,13.5,2,0.16001,6,Y,ZN,5
1.25 MVA 20/0.4 kV DOTEL 1250/20  SGB,1.25,50,20,0.4,13.5,1.35,0.10801,6,Y,ZN,5
1.25 MVA 20/0.4 kV DTTH  SGB,1.25,50,20,0.4,11.3,2.75,0.22001,6,D,YN,5
1.25 MVA 20/0.4 kV DTTHIL SGB,1.25,50,20,0.4,7.6,2.2,0.17601,6,D,YN,5
1.25 MVA 20/0.4 kV DTTHL SGB,1.25,50,20,0.4,10.6,2,0.16001,6,D,YN,5
1.25 MVA 20/0.4 kV Dyn0 wnr ASEA,1.25,50,20,0.4,11.5,2.08,0.16641,6,D,YN,0
1.25 MVA 20/0.4 kV Dyn1 ASEA,1.25,50,20,0.4,11.5,2.7,0.21601,6,D,YN,1
1.25 MVA 20/0.4 kV Dyn1 wnr ASEA,1.25,50,20,0.4,11.5,2.08,0.16641,6,D,YN,1
1.25 MVA 20/0.4 kV Dyn11 ASEA,1.25,50,20,0.4,11.5,2.7,0.21601,6,D,YN,11
1.25 MVA 20/0.4 kV Dyn11 wnr ASEA,1.25,50,20,0.4,11.5,2.08,0.16641,6,D,YN,11
1.25 MVA 20/0.4 kV Dyn5 ASEA,1.25,50,20,0.4,11.5,2.7,0.21601,6,D,YN,5
1.25 MVA 20/0.4 kV Dyn7 ASEA,1.25,50,20,0.4,11.5,2.7,0.21601,6,D,YN,7
1.25 MVA 20/0.4 kV Dyn7 wnr ASEA,1.25,50,20,0.4,11.5,2.08,0.16641,6,D,YN,7
1.25 MVA 20/0.4 kV Trafo Union,1.25,50,20,0.4,11,2.75,0.22,6,D,YN,5
1.25 MVA 20/0.4 kV Trafo Union wnr,1.25,50,20,0.4,11.5,2.27,0.1816,6,D,YN,5
1.25 MVA 20/0.4 kV Yyn0 ASEA,1.25,50,20,0.4,11.5,2.7,0.21601,6,Y,YN,0
1.25 MVA 20/0.4 kV Yyn0 wnr ASEA,1.25,50,20,0.4,11.5,2.08,0.16641,6,Y,YN,0
1.25 MVA 20/0.4 kV Yyn6 ASEA,1.25,50,20,0.4,11.5,2.7,0.21601,6,Y,YN,6
1.25 MVA 20/0.4 kV Yyn6 wnr ASEA,1.25,50,20,0.4,11.5,2.08,0.16641,6,Y,YN,6
1.6 MVA 20/0.4 kV 2.42 GEAFOL,1.6,50,20,0.4,13.5,2.42,0.15125,6,D,YN,5
1.6 MVA 20/0.4 kV 3.1 GEAFOL,1.6,50,20,0.4,11.7,3.1,0.19375,6,D,YN,5
1.6 MVA 20/0.4 kV DOTE 1600/20  SGB,1.6,50,20,0.4,17,2.2,0.13751,6,Y,ZN,5
1.6 MVA 20/0.4 kV DOTEL 1600/20  SGB,1.6,50,20,0.4,17,1.6,0.10001,6,Y,ZN,5
1.6 MVA 20/0.4 kV DTTH  SGB,1.6,50,20,0.4,13.3,3.2,0.20001,6,D,YN,5
1.6 MVA 20/0.4 kV DTTHIL SGB,1.6,50,20,0.4,9.4,2.5,0.15626,6,D,YN,5
1.6 MVA 20/0.4 kV DTTHL SGB,1.6,50,20,0.4,13,2.25,0.140635,6,D,YN,5
1.6 MVA 20/0.4 kV Dyn0 wnr ASEA,1.6,50,20,0.4,14,2.4,0.15001,6,D,YN,0
1.6 MVA 20/0.4 kV Dyn1 ASEA,1.6,50,20,0.4,14,3.1,0.19376,6,D,YN,1
1.6 MVA 20/0.4 kV Dyn1 wnr ASEA,1.6,50,20,0.4,14,2.4,0.15001,6,D,YN,1
1.6 MVA 20/0.4 kV Dyn11 ASEA,1.6,50,20,0.4,14,3.1,0.19376,6,D,YN,11
1.6 MVA 20/0.4 kV Dyn11 wnr ASEA,1.6,50,20,0.4,14,2.4,0.15001,6,D,YN,11
1.6 MVA 20/0.4 kV Dyn5 ASEA,1.6,50,20,0.4,14,3.1,0.19376,6,D,YN,5
1.6 MVA 20/0.4 kV Dyn7 ASEA,1.6,50,20,0.4,14,3.1,0.19376,6,D,YN,7
1.6 MVA 20/0.4 kV Dyn7 wnr ASEA,1.6,50,20,0.4,14,2.4,0.15001,6,D,YN,7
1.6 MVA 20/0.4 kV Trafo Union,1.6,50,20,0.4,12.3,3.1,0.19375,6,D,YN,5
1.6 MVA 20/0.4 kV Trafo Union wnr,1.6,50,20,0.4,12.8,2.55,0.159375,6,D,YN,5
1.6 MVA 20/0.4 kV Yyn0 ASEA,1.6,50,20,0.4,14,3.1,0.19376,6,Y,YN,0
1.6 MVA 20/0.4 kV Yyn0 wnr ASEA,1.6,50,20,0.4,14,2.4,0.15001,6,Y,YN,0
1.6 MVA 20/0.4 kV Yyn6 ASEA,1.6,50,20,0.4,14,3.1,0.19376,6,Y,YN,6
1.6 MVA 20/0.4 kV Yyn6 wnr ASEA,1.6,50,20,0.4,14,2.4,0.15001,6,Y,YN,6
2 MVA 20/0.4 kV 3 GEAFOL,2,50,20,0.4,15.7,3,0.15,6,D,YN,5
2 MVA 20/0.4 kV 4.5 GEAFOL,2,50,20,0.4,14.2,4.5,0.225,6,D,YN,5
2 MVA 20/0.4 kV DOTE 2000/20  SGB,2,50,20,0.4,21.5,2.9,0.14501,6,Y,ZN,5
2 MVA 20/0.4 kV DOTEL 2000/20  SGB,2,50,20,0.4,21.5,2.1,0.10501,6,Y,ZN,5
2 MVA 20/0.4 kV DTTH  SGB,2,50,20,0.4,16.9,4.3,0.21501,6,D,YN,5
2 MVA 20/0.4 kV DTTHIL SGB,2,50,20,0.4,12.5,3.1,0.15501,6,D,YN,5
2 MVA 20/0.4 kV DTTHL SGB,2,50,20,0.4,16.2,2.95,0.14751,6,D,YN,5
2 MVA 20/0.4 kV Dyn0 wnr ASEA,2,50,20,0.4,16.7,3.1,0.15501,8,D,YN,0
2 MVA 20/0.4 kV Dyn1 ASEA,2,50,20,0.4,16.7,4,0.20001,8,D,YN,1
2 MVA 20/0.4 kV Dyn1 wnr ASEA,2,50,20,0.4,16.7,3.1,0.15501,8,D,YN,1
2 MVA 20/0.4 kV Dyn11 ASEA,2,50,20,0.4,16.7,4,0.20001,8,D,YN,11
2 MVA 20/0.4 kV Dyn11 wnr ASEA,2,50,20,0.4,16.7,3.1,0.15501,8,D,YN,11
2 MVA 20/0.4 kV Dyn5 ASEA,2,50,20,0.4,16.7,4,0.20001,8,D,YN,5
2 MVA 20/0.4 kV Dyn7 ASEA,2,50,20,0.4,16.7,4,0.20001,8,D,YN,7
2 MVA 20/0.4 kV Dyn7 wnr ASEA,2,50,20,0.4,16.7,3.1,0.15501,8,D,YN,7
2 MVA 20/0.4 kV Trafo Union,2,50,20,0.4,15,3.65,0.1825,8,D,YN,5
2 MVA 20/0.4 kV Trafo Union wnr,2,50,20,0.4,15.3,3.1,0.155,8,D,YN,5
2 MVA 20/0.4 kV Yyn0 ASEA,2,50,20,0.4,16.7,4,0.20001,8,Y,YN,0
2 MVA 20/0.4 kV Yyn0 wnr ASEA,2,50,20,0.4,16.7,3.1,0.15501,8,Y,YN,0
2 MVA 20/0.4 kV Yyn6 ASEA,2,50,20,0.4,16.7,4,0.20001,8,Y,YN,6
2 MVA 20/0.4 kV Yyn6 wnr ASEA,2,50,20,0.4,16.7,3.1,0.15501,8,Y,YN,6
2.5 MVA 20/0.4 kV 3.8 GEAFOL,2.5,50,20,0.4,19.3,3.8,0.152,6,D,YN,5
2.5 MVA 20/0.4 kV 5.3 GEAFOL,2.5,50,20,0.4,17.6,5.3,0.212,6,D,YN,5
2.5 MVA 20/0.4 kV DOTE 2500/20  SGB,2.5,50,20,0.4,25,3.5,0.14001,6,Y,ZN,5
2.5 MVA 20/0.4 kV DOTEL 2500/20  SGB,2.5,50,20,0.4,25,2.5,0.10001,6,Y,ZN,5
2.5 MVA 20/0.4 kV DTTH  SGB,2.5,50,20,0.4,19,4.7,0.18801,6,D,YN,5
2.5 MVA 20/0.4 kV DTTHIL SGB,2.5,50,20,0.4,14,3.75,0.15001,6,D,YN,5
2.5 MVA 20/0.4 kV DTTHL SGB,2.5,50,20,0.4,18.5,3.4,0.13601,6,D,YN,5
2.5 MVA 20/0.4 kV Dyn0 wnr ASEA,2.5,50,20,0.4,20,3.8,0.15201,8,D,YN,0
2.5 MVA 20/0.4 kV Dyn1 ASEA,2.5,50,20,0.4,20,5,0.20001,8,D,YN,1
2.5 MVA 20/0.4 kV Dyn1 wnr ASEA,2.5,50,20,0.4,20,3.8,0.15201,8,D,YN,1
2.5 MVA 20/0.4 kV Dyn11 ASEA,2.5,50,20,0.4,20,5,0.20001,8,D,YN,11
2.5 MVA 20/0.4 kV Dyn11 wnr ASEA,2.5,50,20,0.4,20,3.8,0.15201,8,D,YN,11
2.5 MVA 20/0.4 kV Dyn5 ASEA,2.5,50,20,0.4,20,5,0.20001,8,D,YN,5
2.5 MVA 20/0.4 kV Dyn7 ASEA,2.5,50,20,0.4,20,5,0.20001,8,D,YN,7
2.5 MVA 20/0.4 kV Dyn7 wnr ASEA,2.5,50,20,0.4,20,3.8,0.15201,8,D,YN,7
2.5 MVA 20/0.4 kV Trafo Union,2.5,50,20,0.4,17.5,3.95,0.158,8,D,YN,5
2.5 MVA 20/0.4 kV Trafo Union wnr,2.5,50,20,0.4,18,3.35,0.134,8,D,YN,5
2.5 MVA 20/0.4 kV Yyn0 ASEA,2.5,50,20,0.4,20,5,0.20001,8,Y,YN,0
2.5 MVA 20/0.4 kV Yyn0 wnr ASEA,2.5,50,20,0.4,20,3.8,0.15201,8,Y,YN,0
2.5 MVA 20/0.4 kV Yyn6 ASEA,2.5,50,20,0.4,20,5,0.20001,8,Y,YN,6
2.5 MVA 20/0.4 kV Yyn6 wnr ASEA,2.5,50,20,0.4,20,3.8,0.15201,8,Y,YN,6
210 MVA 132/15.75 kV,210,50,132,15.75,410,0,0.26,12.5,YN,D,11
25 MVA 20/10 kV,25,50,20,10,102.76,10.96,0.1,10.3,YN,D,5
255 MVA 380/19 kV,255,50,380,19,310,0,0,16,YN,D,0
47 MVA 33/11 kV,47,50,33,11,97,0,0,15,YN,YN,0
50 MVA 139/10.5 kV,50,50,139.3,10.5,188.098,32.745,0.085,10.08,YN,D,5
55 MVA 139/10.5 kV,55,50,139.3,10.5,168.743,31.51,0.078,10.04,YN,D,5
90 MVA 132/33 kV,90,50,132,33,249.876,44.907,0.068,13.18,YN,D,1
TSO@30MVA_A,30,50,400,230,124,13.37,0,11.5,D,D,0
TSO@30MVA_B,30,50,400,230,124,13.6,0,11.5,D,D,0
TSO@80MVA_A,80,50,132,30,210.1,34.5,0,12.9,D,D,0
TSO@80MVA_B,80,50,132,30,208.851,38.172,0,12.781,D,D,0
TSO@80MVA_C,80,50,220,70.9,208.6,32.9,0,13,D,D,0
TSO@80MVA_D,80,50,220,70.9,208.7,33.2,0,13.1,D,D,0
TSO@125MVA_A,125,50,220,66,275.65,52.23,0,13.32,D,D,0
TSO@125MVA_B,125,50,220,66,263.67,52.15,0,13.38,D,D,0
TSO@125MVA_C,125,50,225,70.9,273.21,62.7,0,14.44,D,D,0
TSO@125MVA_D,125,50,400,230,343.188,288.143,0,13.384,D,D,0
TSO@125MVA_E,125,50,230,66,463.77,54.084,0,16.3,D,D,0
TSO@125MVA_F,125,50,400,230,277.68,63.99,0,14.39,D,D,0
TSO@125MVA_G,125,50,400,230,271.43,62,0,14.44,D,D,0
TSO@160MVA_A,160,50,132,66,457.07,64.63,0,14.21,D,D,0
TSO@160MVA_B,160,50,400,230,223.2,39.6,0,9.42,D,D,0
TSO@160MVA_C,160,50,410,230,253.072,35.615,0,9.979,D,D,0
TSO@325MVA,325,50,400,230,669.308,77.372,0,13.28,D,D,0
TSO@350MVA,350,50,132,66,971.45,84.84,0,22.03,D,D,0
TSO@450MVA_A,450,50,400,230,922.067,125.21,0,17.71,D,D,0
TSO@450MVA_B,450,50,400,230,885.37,104.9,0,16.9,D,D,0
TSO@450MVA_C,450,50,400,230,767.416,139.62,0,12.41,D,D,0
TSO@500MVA_A,500,50,225,70.9,856.51,85.1,0,13.37,D,D,0
TSO@500MVA_B,500,50,225,70.9,854.2,84.8,0,13.31,D,D,0
TSO@500MVA_C,500,50,220,68,849.89,85.1,0,13.32,D,D,0
TSO@500MVA_D,500,50,400,230,822.53,86.87,0,13.39,D,D,0
TSO@500MVA_E,500,50,400,230,891.59,85.66,0,13.26,D,D,0
TSO@500MVA_F,500,50,132,66,853.6,85.6,0,13.34,D,D,0
TSO@600MVA_A,600,50,230,66,817.046,214.82,0,11.3,D,D,0
TSO@600MVA_B,600,50,400,138,787.17,245.657,0,11.3,D,D,0
TSO@600MVA_C,600,50,230,68,1195.7,157.8,0,16.08,D,D,0
TSO@600MVA_D,600,50,132,66,825.908,157.99,0,13.8,D,D,0
TSO@600MVA_E,600,50,132,66,824.297,190.99,0,11.3,D,D,0
